AÑO;DISTRITO;BARRIO;Temporal;Indefinido
2017;01. Centro;01. Centro;;
2017;01. Centro;01. Centro;10.897;31.747
2017;01. Centro;011. Palacio;1.692;5.182
2017;01. Centro;012. Embajadores;4.341;10.679
2017;01. Centro;013. Cortes;746;2.441
2017;01. Centro;014. Justicia;1.057;3.978
2017;01. Centro;015. Universidad;2.476;7.862
2017;01. Centro;016. Sol;584;1.605
2017;02. Arganzuela;02. Arganzuela;;
2017;02. Arganzuela;02. Arganzuela;11.738;38.655
2017;02. Arganzuela;021. Imperial;1.633;5.522
2017;02. Arganzuela;022. Acacias;2.777;8.547
2017;02. Arganzuela;023. Chopera;1.746;4.805
2017;02. Arganzuela;024. Legazpi;1.246;5.858
2017;02. Arganzuela;025. Delicias;2.085;7.238
2017;02. Arganzuela;026. Palos de Moguer;2.180;6.399
2017;02. Arganzuela;027. Atocha;71;285
2017;03. Retiro;03. Retiro;;
2017;03. Retiro;03. Retiro;7.198;27.084
2017;03. Retiro;031. Pacífico;2.379;7.821
2017;03. Retiro;032. Adelfas;1.211;4.738
2017;03. Retiro;033. Estrella;1.275;5.015
2017;03. Retiro;034. Ibiza;1.257;4.910
2017;03. Retiro;035. Los Jerónimos;325;1.360
2017;03. Retiro;036. Niño Jesús;751;3.240
2017;04. Salamanca;04. Salamanca;;
2017;04. Salamanca;04. Salamanca;7.709;33.811
2017;04. Salamanca;041. Recoletos;507;3.334
2017;04. Salamanca;042. Goya;1.604;6.857
2017;04. Salamanca;043. Fuente del Berro;1.385;5.093
2017;04. Salamanca;044. Guindalera;2.479;10.052
2017;04. Salamanca;045. Lista;1.121;4.742
2017;04. Salamanca;046. Castellana;613;3.733
2017;05. Chamartín;05. Chamartín;;
2017;05. Chamartín;05. Chamartín;7.293;34.574
2017;05. Chamartín;051. El Viso;632;3.861
2017;05. Chamartín;052. Prosperidad;2.291;9.089
2017;05. Chamartín;053. Ciudad Jardín;1.178;4.561
2017;05. Chamartín;054. Hispanoamérica;1.359;7.237
2017;05. Chamartín;055. Nueva España;912;5.795
2017;05. Chamartín;056. Castilla;921;4.031
2017;06. Tetuán;06. Tetuán;;
2017;06. Tetuán;06. Tetuán;12.034;40.234
2017;06. Tetuán;061. Bellas Vistas;2.397;7.303
2017;06. Tetuán;062. Cuatro Caminos;2.153;8.613
2017;06. Tetuán;063. Castillejos;1.211;5.029
2017;06. Tetuán;064. Almenara;1.857;5.452
2017;06. Tetuán;065. Valdeacederas;2.287;7.192
2017;06. Tetuán;066. Berruguete;2.129;6.645
2017;07. Chamberí;07. Chamberí;;
2017;07. Chamberí;07. Chamberí;8.241;32.478
2017;07. Chamberí;071. Gaztambide;1.499;4.800
2017;07. Chamberí;072. Arapiles;1.593;5.798
2017;07. Chamberí;073. Trafalgar;1.653;6.235
2017;07. Chamberí;074. Almagro;844;4.624
2017;07. Chamberí;075. Ríos Rosas;1.593;6.734
2017;07. Chamberí;076. Vallehermoso;1.059;4.286
2017;08. Fuencarral-El Pardo;08. Fuencarral-El Pardo;;
2017;08. Fuencarral-El Pardo;08. Fuencarral-El Pardo;15.129;59.998
2017;08. Fuencarral-El Pardo;081. El Pardo;221;705
2017;08. Fuencarral-El Pardo;082. Fuentelarreina;117;594
2017;08. Fuencarral-El Pardo;083. Peñagrande;3.008;10.278
2017;08. Fuencarral-El Pardo;084. Pilar;3.601;11.061
2017;08. Fuencarral-El Pardo;085. La Paz;2.141;7.070
2017;08. Fuencarral-El Pardo;086. Valverde;3.836;17.683
2017;08. Fuencarral-El Pardo;087. Mirasierra;1.473;7.485
2017;08. Fuencarral-El Pardo;088. El Goloso;732;5.122
2017;09. Moncloa-Aravaca;09. Moncloa-Aravaca;;
2017;09. Moncloa-Aravaca;09. Moncloa-Aravaca;6.536;25.798
2017;09. Moncloa-Aravaca;091. Casa de Campo;800;2.811
2017;09. Moncloa-Aravaca;092. Argüelles;1.396;5.198
2017;09. Moncloa-Aravaca;093. Ciudad Universitaria;769;3.167
2017;09. Moncloa-Aravaca;094. Valdezarza;2.144;6.775
2017;09. Moncloa-Aravaca;095. Valdemarín;187;1.401
2017;09. Moncloa-Aravaca;096. El Plantío;97;594
2017;09. Moncloa-Aravaca;097. Aravaca;1.143;5.852
2017;10. Latina;10. Latina;;
2017;10. Latina;10. Latina;18.746;54.088
2017;10. Latina;101. Los Cármenes;1.342;3.890
2017;10. Latina;102. Puerta del Ángel;3.534;9.777
2017;10. Latina;103. Lucero;2.928;8.220
2017;10. Latina;104. Aluche;5.099;14.362
2017;10. Latina;105. Campamento;1.541;4.289
2017;10. Latina;106. Cuatro Vientos;371;1.678
2017;10. Latina;107. Águilas;3.931;11.869
2017;11. Carabanchel;11. Carabanchel;;
2017;11. Carabanchel;11. Carabanchel;20.919;58.736
2017;11. Carabanchel;111. Comillas;1.880;4.953
2017;11. Carabanchel;112. Opañel;2.798;7.595
2017;11. Carabanchel;113. San Isidro;3.319;8.885
2017;11. Carabanchel;114. Vista Alegre;3.963;10.171
2017;11. Carabanchel;115. Puerta Bonita;2.839;7.724
2017;11. Carabanchel;116. Buenavista;3.715;12.339
2017;11. Carabanchel;117. Abrantes;2.405;7.068
2017;12. Usera;12. Usera;;
2017;12. Usera;12. Usera;11.852;30.898
2017;12. Usera;121. Orcasitas;1.809;5.224
2017;12. Usera;122. Orcasur;1.219;2.988
2017;12. Usera;123. San Fermín;1.927;5.413
2017;12. Usera;124. Almendrales;1.799;4.732
2017;12. Usera;125. Moscardó;2.365;5.791
2017;12. Usera;126. Zofío;1.254;3.044
2017;12. Usera;127. Pradolongo;1.479;3.703
2017;13. Puente de Vallecas;13. Puente de Vallecas;;
2017;13. Puente de Vallecas;13. Puente de Vallecas;21.638;54.060
2017;13. Puente de Vallecas;131. Entrevías;3.073;7.378
2017;13. Puente de Vallecas;132. San Diego;4.105;9.135
2017;13. Puente de Vallecas;133. Palomeras Bajas;3.687;9.728
2017;13. Puente de Vallecas;134. Palomeras Sureste;4.042;10.674
2017;13. Puente de Vallecas;135. Portazgo;2.563;6.174
2017;13. Puente de Vallecas;136. Numancia;4.168;10.969
2017;14. Moratalaz;14. Moratalaz;;
2017;14. Moratalaz;14. Moratalaz;6.992;21.643
2017;14. Moratalaz;141. Pavones;646;2.017
2017;14. Moratalaz;142. Horcajo;446;1.732
2017;14. Moratalaz;143. Marroquina;2.004;6.328
2017;14. Moratalaz;144. Media Legua;1.283;3.816
2017;14. Moratalaz;145. Fontarrón;1.366;3.834
2017;14. Moratalaz;146. Vinateros;1.247;3.916
2017;15. Ciudad Lineal;15. Ciudad Lineal;;
2017;15. Ciudad Lineal;15. Ciudad Lineal;15.838;52.028
2017;15. Ciudad Lineal;151. Ventas;4.014;11.612
2017;15. Ciudad Lineal;152. Pueblo Nuevo;5.270;15.309
2017;15. Ciudad Lineal;153. Quintana;1.998;6.039
2017;15. Ciudad Lineal;154. Concepción;1.404;4.977
2017;15. Ciudad Lineal;155. San Pascual;1.165;4.372
2017;15. Ciudad Lineal;156. San Juan Bautista;650;2.941
2017;15. Ciudad Lineal;157. Colina;298;1.415
2017;15. Ciudad Lineal;158. Atalaya;54;327
2017;15. Ciudad Lineal;159. Costillares;985;5.036
2017;16. Hortaleza;16. Hortaleza;;
2017;16. Hortaleza;16. Hortaleza;11.385;46.997
2017;16. Hortaleza;161. Palomas;223;1.549
2017;16. Hortaleza;162. Piovera;589;3.372
2017;16. Hortaleza;163. Canillas;2.752;9.716
2017;16. Hortaleza;164. Pinar del Rey;3.996;12.700
2017;16. Hortaleza;165. Apóstol Santiago;1.077;3.580
2017;16. Hortaleza;166. Valdefuentes;2.748;16.080
2017;17. Villaverde;17. Villaverde;;
2017;17. Villaverde;17. Villaverde;13.014;33.963
2017;17. Villaverde;171. Villaverde Alto, Casco Histórico de Villaverde;4.023;10.073
2017;17. Villaverde;172. San Cristóbal;1.478;2.978
2017;17. Villaverde;173. Butarque;1.616;5.154
2017;17. Villaverde;174. Los Rosales;3.275;9.210
2017;17. Villaverde;175. Ángeles;2.622;6.548
2017;18. Villa de Vallecas;18. Villa de Vallecas;;
2017;18. Villa de Vallecas;18. Villa de Vallecas;9.282;29.695
2017;18. Villa de Vallecas;181. Casco Histórico de Vallecas;3.637;9.307
2017;18. Villa de Vallecas;182. Santa Eugenia;2.085;6.153
2017;18. Villa de Vallecas;183. Ensanche de Vallecas;3.560;14.235
2017;19. Vicálvaro;19. Vicálvaro;;
2017;19. Vicálvaro;19. Vicálvaro;5.673;18.395
2017;19. Vicálvaro;191. Casco Histórico de Vicálvaro;2.987;7.541
2017;19. Vicálvaro;192. Valdebernardo;1.455;4.623
2017;19. Vicálvaro;193. Valderribas;1.216;6.134
2017;19. Vicálvaro;194. El Cañaveral;15;97
2017;20. San Blas-Canillejas;20. San Blas-Canillejas;;
2017;20. San Blas-Canillejas;20. San Blas-Canillejas;11.943;40.486
2017;20. San Blas-Canillejas;201. Simancas;2.165;7.175
2017;20. San Blas-Canillejas;202. Hellín;815;2.087
2017;20. San Blas-Canillejas;203. Amposta;777;1.862
2017;20. San Blas-Canillejas;204. Arcos;2.010;6.135
2017;20. San Blas-Canillejas;205. Rosas;2.037;8.963
2017;20. San Blas-Canillejas;206. Rejas;1.067;4.739
2017;20. San Blas-Canillejas;207. Canillejas;2.397;6.878
2017;20. San Blas-Canillejas;208. El Salvador;675;2.647
2017;21. Barajas;21. Barajas;;
2017;21. Barajas;21. Barajas;2.983;12.889
2017;21. Barajas;211. Alameda de Osuna;1.009;4.662
2017;21. Barajas;212. Aeropuerto;169;437
2017;21. Barajas;213. Casco Histórico de Barajas;677;2.029
2017;21. Barajas;214. Timón;846;3.613
2017;21. Barajas;215. Corralejos;282;2.148
2018;01. Centro;01. Centro;;
2018;01. Centro;01. Centro;10.626;33.064
2018;01. Centro;011. Palacio;1.688;5.339
2018;01. Centro;012. Embajadores;4.231;11.135
2018;01. Centro;013. Cortes;720;2.501
2018;01. Centro;014. Justicia;1.006;4.206
2018;01. Centro;015. Universidad;2.433;8.265
2018;01. Centro;016. Sol;548;1.618
2018;02. Arganzuela;02. Arganzuela;;
2018;02. Arganzuela;02. Arganzuela;11.788;39.925
2018;02. Arganzuela;021. Imperial;1.590;5.690
2018;02. Arganzuela;022. Acacias;2.739;8.816
2018;02. Arganzuela;023. Chopera;1.751;5.066
2018;02. Arganzuela;024. Legazpi;1.343;5.980
2018;02. Arganzuela;025. Delicias;2.098;7.459
2018;02. Arganzuela;026. Palos de Moguer;2.194;6.628
2018;02. Arganzuela;027. Atocha;73;285
2018;03. Retiro;03. Retiro;;
2018;03. Retiro;03. Retiro;7.060;27.797
2018;03. Retiro;031. Pacífico;2.336;7.984
2018;03. Retiro;032. Adelfas;1.216;4.919
2018;03. Retiro;033. Estrella;1.218;5.136
2018;03. Retiro;034. Ibiza;1.244;5.042
2018;03. Retiro;035. Los Jerónimos;309;1.391
2018;03. Retiro;036. Niño Jesús;737;3.325
2018;04. Salamanca;04. Salamanca;;
2018;04. Salamanca;04. Salamanca;7.770;35.163
2018;04. Salamanca;041. Recoletos;520;3.310
2018;04. Salamanca;042. Goya;1.639;7.138
2018;04. Salamanca;043. Fuente del Berro;1.397;5.315
2018;04. Salamanca;044. Guindalera;2.509;10.581
2018;04. Salamanca;045. Lista;1.130;4.977
2018;04. Salamanca;046. Castellana;575;3.842
2018;05. Chamartín;05. Chamartín;;
2018;05. Chamartín;05. Chamartín;7.314;36.192
2018;05. Chamartín;051. El Viso;610;4.049
2018;05. Chamartín;052. Prosperidad;2.330;9.507
2018;05. Chamartín;053. Ciudad Jardín;1.185;4.787
2018;05. Chamartín;054. Hispanoamérica;1.279;7.533
2018;05. Chamartín;055. Nueva España;932;6.073
2018;05. Chamartín;056. Castilla;978;4.243
2018;06. Tetuán;06. Tetuán;;
2018;06. Tetuán;06. Tetuán;12.288;42.488
2018;06. Tetuán;061. Bellas Vistas;2.436;7.699
2018;06. Tetuán;062. Cuatro Caminos;2.149;8.991
2018;06. Tetuán;063. Castillejos;1.225;5.350
2018;06. Tetuán;064. Almenara;1.883;5.904
2018;06. Tetuán;065. Valdeacederas;2.358;7.533
2018;06. Tetuán;066. Berruguete;2.237;7.011
2018;07. Chamberí;07. Chamberí;;
2018;07. Chamberí;07. Chamberí;8.332;33.565
2018;07. Chamberí;071. Gaztambide;1.563;4.995
2018;07. Chamberí;072. Arapiles;1.631;6.011
2018;07. Chamberí;073. Trafalgar;1.613;6.423
2018;07. Chamberí;074. Almagro;845;4.735
2018;07. Chamberí;075. Ríos Rosas;1.620;6.984
2018;07. Chamberí;076. Vallehermoso;1.060;4.416
2018;08. Fuencarral-El Pardo;08. Fuencarral-El Pardo;;
2018;08. Fuencarral-El Pardo;08. Fuencarral-El Pardo;15.249;62.674
2018;08. Fuencarral-El Pardo;081. El Pardo;212;739
2018;08. Fuencarral-El Pardo;082. Fuentelarreina;109;612
2018;08. Fuencarral-El Pardo;083. Peñagrande;2.938;10.543
2018;08. Fuencarral-El Pardo;084. Pilar;3.554;11.618
2018;08. Fuencarral-El Pardo;085. La Paz;2.055;7.305
2018;08. Fuencarral-El Pardo;086. Valverde;4.069;18.511
2018;08. Fuencarral-El Pardo;087. Mirasierra;1.550;8.001
2018;08. Fuencarral-El Pardo;088. El Goloso;762;5.345
2018;09. Moncloa-Aravaca;09. Moncloa-Aravaca;;
2018;09. Moncloa-Aravaca;09. Moncloa-Aravaca;6.551;26.763
2018;09. Moncloa-Aravaca;091. Casa de Campo;835;2.910
2018;09. Moncloa-Aravaca;092. Argüelles;1.342;5.333
2018;09. Moncloa-Aravaca;093. Ciudad Universitaria;812;3.304
2018;09. Moncloa-Aravaca;094. Valdezarza;2.146;6.993
2018;09. Moncloa-Aravaca;095. Valdemarín;173;1.463
2018;09. Moncloa-Aravaca;096. El Plantío;102;594
2018;09. Moncloa-Aravaca;097. Aravaca;1.141;6.166
2018;10. Latina;10. Latina;;
2018;10. Latina;10. Latina;19.654;56.172
2018;10. Latina;101. Los Cármenes;1.479;4.056
2018;10. Latina;102. Puerta del Ángel;3.753;10.091
2018;10. Latina;103. Lucero;3.109;8.489
2018;10. Latina;104. Aluche;5.361;14.963
2018;10. Latina;105. Campamento;1.507;4.499
2018;10. Latina;106. Cuatro Vientos;403;1.784
2018;10. Latina;107. Águilas;4.042;12.287
2018;11. Carabanchel;11. Carabanchel;;
2018;11. Carabanchel;11. Carabanchel;21.727;61.765
2018;11. Carabanchel;111. Comillas;1.774;5.208
2018;11. Carabanchel;112. Opañel;2.903;8.022
2018;11. Carabanchel;113. San Isidro;3.456;9.366
2018;11. Carabanchel;114. Vista Alegre;4.236;10.626
2018;11. Carabanchel;115. Puerta Bonita;3.082;8.147
2018;11. Carabanchel;116. Buenavista;3.794;12.976
2018;11. Carabanchel;117. Abrantes;2.482;7.419
2018;12. Usera;12. Usera;;
2018;12. Usera;12. Usera;12.237;32.562
2018;12. Usera;121. Orcasitas;1.817;5.438
2018;12. Usera;122. Orcasur;1.238;3.124
2018;12. Usera;123. San Fermín;1.997;5.656
2018;12. Usera;124. Almendrales;1.888;5.029
2018;12. Usera;125. Moscardó;2.420;6.113
2018;12. Usera;126. Zofío;1.336;3.272
2018;12. Usera;127. Pradolongo;1.541;3.928
2018;13. Puente de Vallecas;13. Puente de Vallecas;;
2018;13. Puente de Vallecas;13. Puente de Vallecas;22.378;56.961
2018;13. Puente de Vallecas;131. Entrevías;3.277;7.759
2018;13. Puente de Vallecas;132. San Diego;4.240;9.925
2018;13. Puente de Vallecas;133. Palomeras Bajas;3.999;10.104
2018;13. Puente de Vallecas;134. Palomeras Sureste;3.894;11.166
2018;13. Puente de Vallecas;135. Portazgo;2.583;6.561
2018;13. Puente de Vallecas;136. Numancia;4.385;11.444
2018;14. Moratalaz;14. Moratalaz;;
2018;14. Moratalaz;14. Moratalaz;7.051;22.378
2018;14. Moratalaz;141. Pavones;662;2.093
2018;14. Moratalaz;142. Horcajo;470;1.737
2018;14. Moratalaz;143. Marroquina;1.957;6.535
2018;14. Moratalaz;144. Media Legua;1.313;3.897
2018;14. Moratalaz;145. Fontarrón;1.424;4.040
2018;14. Moratalaz;146. Vinateros;1.225;4.076
2018;15. Ciudad Lineal;15. Ciudad Lineal;;
2018;15. Ciudad Lineal;15. Ciudad Lineal;16.237;54.675
2018;15. Ciudad Lineal;151. Ventas;4.006;12.404
2018;15. Ciudad Lineal;152. Pueblo Nuevo;5.465;16.151
2018;15. Ciudad Lineal;153. Quintana;2.119;6.345
2018;15. Ciudad Lineal;154. Concepción;1.458;5.228
2018;15. Ciudad Lineal;155. San Pascual;1.143;4.504
2018;15. Ciudad Lineal;156. San Juan Bautista;660;3.064
2018;15. Ciudad Lineal;157. Colina;335;1.483
2018;15. Ciudad Lineal;158. Atalaya;54;329
2018;15. Ciudad Lineal;159. Costillares;997;5.167
2018;16. Hortaleza;16. Hortaleza;;
2018;16. Hortaleza;16. Hortaleza;11.576;49.163
2018;16. Hortaleza;161. Palomas;235;1.607
2018;16. Hortaleza;162. Piovera;615;3.499
2018;16. Hortaleza;163. Canillas;2.734;9.967
2018;16. Hortaleza;164. Pinar del Rey;4.024;13.198
2018;16. Hortaleza;165. Apóstol Santiago;1.142;3.731
2018;16. Hortaleza;166. Valdefuentes;2.826;17.161
2018;17. Villaverde;17. Villaverde;;
2018;17. Villaverde;17. Villaverde;13.434;35.860
2018;17. Villaverde;171. Villaverde Alto, Casco Histórico de Villaverde;4.170;10.637
2018;17. Villaverde;172. San Cristóbal;1.518;3.197
2018;17. Villaverde;173. Butarque;1.664;5.536
2018;17. Villaverde;174. Los Rosales;3.426;9.699
2018;17. Villaverde;175. Ángeles;2.656;6.791
2018;18. Villa de Vallecas;18. Villa de Vallecas;;
2018;18. Villa de Vallecas;18. Villa de Vallecas;9.615;31.428
2018;18. Villa de Vallecas;181. Casco Histórico de Vallecas;3.744;9.598
2018;18. Villa de Vallecas;182. Santa Eugenia;2.160;6.283
2018;18. Villa de Vallecas;183. Ensanche de Vallecas;3.711;15.547
2018;19. Vicálvaro;19. Vicálvaro;;
2018;19. Vicálvaro;19. Vicálvaro;5.731;19.345
2018;19. Vicálvaro;191. Casco Histórico de Vicálvaro;3.026;8.338
2018;19. Vicálvaro;192. Valdebernardo;1.491;4.702
2018;19. Vicálvaro;193. Valderribas;1.169;6.017
2018;19. Vicálvaro;194. El Cañaveral;45;288
2018;20. San Blas-Canillejas;20. San Blas-Canillejas;;
2018;20. San Blas-Canillejas;20. San Blas-Canillejas;12.230;42.060
2018;20. San Blas-Canillejas;201. Simancas;2.309;7.592
2018;20. San Blas-Canillejas;202. Hellín;795;2.218
2018;20. San Blas-Canillejas;203. Amposta;771;2.011
2018;20. San Blas-Canillejas;204. Arcos;2.072;6.389
2018;20. San Blas-Canillejas;205. Rosas;2.115;9.122
2018;20. San Blas-Canillejas;206. Rejas;1.106;4.925
2018;20. San Blas-Canillejas;207. Canillejas;2.374;7.137
2018;20. San Blas-Canillejas;208. El Salvador;688;2.666
2018;21. Barajas;21. Barajas;;
2018;21. Barajas;21. Barajas;3.006;13.426
2018;21. Barajas;211. Alameda de Osuna;988;4.747
2018;21. Barajas;212. Aeropuerto;176;446
2018;21. Barajas;213. Casco Histórico de Barajas;663;2.132
2018;21. Barajas;214. Timón;879;3.862
2018;21. Barajas;215. Corralejos;300;2.239
2019;01. Centro;01. Centro;;
2019;01. Centro;01. Centro;10.671;34.119
2019;01. Centro;011. Palacio;1.616;5.571
2019;01. Centro;012. Embajadores;4.306;11.390
2019;01. Centro;013. Cortes;739;2.489
2019;01. Centro;014. Justicia;1.041;4.386
2019;01. Centro;015. Universidad;2.431;8.635
2019;01. Centro;016. Sol;538;1.648
2019;02. Arganzuela;02. Arganzuela;;
2019;02. Arganzuela;02. Arganzuela;11.722;40.345
2019;02. Arganzuela;021. Imperial;1.594;5.737
2019;02. Arganzuela;022. Acacias;2.697;8.904
2019;02. Arganzuela;023. Chopera;1.704;5.164
2019;02. Arganzuela;024. Legazpi;1.339;6.123
2019;02. Arganzuela;025. Delicias;2.157;7.519
2019;02. Arganzuela;026. Palos de Moguer;2.147;6.612
2019;02. Arganzuela;027. Atocha;84;285
2019;03. Retiro;03. Retiro;;
2019;03. Retiro;03. Retiro;6.958;28.209
2019;03. Retiro;031. Pacífico;2.300;8.131
2019;03. Retiro;032. Adelfas;1.231;4.916
2019;03. Retiro;033. Estrella;1.168;5.181
2019;03. Retiro;034. Ibiza;1.217;5.180
2019;03. Retiro;035. Los Jerónimos;293;1.401
2019;03. Retiro;036. Niño Jesús;749;3.400
2019;04. Salamanca;04. Salamanca;;
2019;04. Salamanca;04. Salamanca;7.557;35.736
2019;04. Salamanca;041. Recoletos;465;3.291
2019;04. Salamanca;042. Goya;1.611;7.109
2019;04. Salamanca;043. Fuente del Berro;1.361;5.516
2019;04. Salamanca;044. Guindalera;2.475;10.839
2019;04. Salamanca;045. Lista;1.084;5.096
2019;04. Salamanca;046. Castellana;561;3.885
2019;05. Chamartín;05. Chamartín;;
2019;05. Chamartín;05. Chamartín;7.199;37.123
2019;05. Chamartín;051. El Viso;559;4.130
2019;05. Chamartín;052. Prosperidad;2.286;9.759
2019;05. Chamartín;053. Ciudad Jardín;1.149;4.895
2019;05. Chamartín;054. Hispanoamérica;1.329;7.743
2019;05. Chamartín;055. Nueva España;920;6.247
2019;05. Chamartín;056. Castilla;956;4.349
2019;06. Tetuán;06. Tetuán;;
2019;06. Tetuán;06. Tetuán;12.029;43.677
2019;06. Tetuán;061. Bellas Vistas;2.383;7.952
2019;06. Tetuán;062. Cuatro Caminos;2.220;9.351
2019;06. Tetuán;063. Castillejos;1.171;5.491
2019;06. Tetuán;064. Almenara;1.843;6.035
2019;06. Tetuán;065. Valdeacederas;2.248;7.685
2019;06. Tetuán;066. Berruguete;2.164;7.163
2019;07. Chamberí;07. Chamberí;;
2019;07. Chamberí;07. Chamberí;8.300;34.721
2019;07. Chamberí;071. Gaztambide;1.575;5.211
2019;07. Chamberí;072. Arapiles;1.584;6.201
2019;07. Chamberí;073. Trafalgar;1.591;6.669
2019;07. Chamberí;074. Almagro;849;4.833
2019;07. Chamberí;075. Ríos Rosas;1.613;7.224
2019;07. Chamberí;076. Vallehermoso;1.088;4.580
2019;08. Fuencarral-El Pardo;08. Fuencarral-El Pardo;;
2019;08. Fuencarral-El Pardo;08. Fuencarral-El Pardo;14.925;64.195
2019;08. Fuencarral-El Pardo;081. El Pardo;196;781
2019;08. Fuencarral-El Pardo;082. Fuentelarreina;104;628
2019;08. Fuencarral-El Pardo;083. Peñagrande;2.850;10.704
2019;08. Fuencarral-El Pardo;084. Pilar;3.474;11.915
2019;08. Fuencarral-El Pardo;085. La Paz;1.900;7.394
2019;08. Fuencarral-El Pardo;086. Valverde;4.092;18.834
2019;08. Fuencarral-El Pardo;087. Mirasierra;1.547;8.407
2019;08. Fuencarral-El Pardo;088. El Goloso;762;5.532
2019;09. Moncloa-Aravaca;09. Moncloa-Aravaca;;
2019;09. Moncloa-Aravaca;09. Moncloa-Aravaca;6.562;27.480
2019;09. Moncloa-Aravaca;091. Casa de Campo;832;2.980
2019;09. Moncloa-Aravaca;092. Argüelles;1.407;5.409
2019;09. Moncloa-Aravaca;093. Ciudad Universitaria;814;3.427
2019;09. Moncloa-Aravaca;094. Valdezarza;2.095;7.276
2019;09. Moncloa-Aravaca;095. Valdemarín;170;1.498
2019;09. Moncloa-Aravaca;096. El Plantío;108;620
2019;09. Moncloa-Aravaca;097. Aravaca;1.136;6.270
2019;10. Latina;10. Latina;;
2019;10. Latina;10. Latina;19.359;57.549
2019;10. Latina;101. Los Cármenes;1.483;4.209
2019;10. Latina;102. Puerta del Ángel;3.669;10.303
2019;10. Latina;103. Lucero;3.097;8.763
2019;10. Latina;104. Aluche;5.254;15.280
2019;10. Latina;105. Campamento;1.497;4.578
2019;10. Latina;106. Cuatro Vientos;383;1.850
2019;10. Latina;107. Águilas;3.976;12.563
2019;11. Carabanchel;11. Carabanchel;;
2019;11. Carabanchel;11. Carabanchel;21.971;63.397
2019;11. Carabanchel;111. Comillas;1.839;5.271
2019;11. Carabanchel;112. Opañel;2.882;8.203
2019;11. Carabanchel;113. San Isidro;3.522;9.478
2019;11. Carabanchel;114. Vista Alegre;4.163;10.971
2019;11. Carabanchel;115. Puerta Bonita;3.151;8.382
2019;11. Carabanchel;116. Buenavista;3.862;13.363
2019;11. Carabanchel;117. Abrantes;2.551;7.728
2019;12. Usera;12. Usera;;
2019;12. Usera;12. Usera;12.476;33.281
2019;12. Usera;121. Orcasitas;1.925;5.636
2019;12. Usera;122. Orcasur;1.233;3.191
2019;12. Usera;123. San Fermín;2.008;5.828
2019;12. Usera;124. Almendrales;1.976;5.106
2019;12. Usera;125. Moscardó;2.437;6.214
2019;12. Usera;126. Zofío;1.365;3.354
2019;12. Usera;127. Pradolongo;1.531;3.948
2019;13. Puente de Vallecas;13. Puente de Vallecas;;
2019;13. Puente de Vallecas;13. Puente de Vallecas;22.802;58.812
2019;13. Puente de Vallecas;131. Entrevías;3.270;8.031
2019;13. Puente de Vallecas;132. San Diego;4.437;10.345
2019;13. Puente de Vallecas;133. Palomeras Bajas;4.020;10.400
2019;13. Puente de Vallecas;134. Palomeras Sureste;3.919;11.518
2019;13. Puente de Vallecas;135. Portazgo;2.649;6.750
2019;13. Puente de Vallecas;136. Numancia;4.507;11.766
2019;14. Moratalaz;14. Moratalaz;;
2019;14. Moratalaz;14. Moratalaz;7.000;22.732
2019;14. Moratalaz;141. Pavones;692;2.041
2019;14. Moratalaz;142. Horcajo;467;1.754
2019;14. Moratalaz;143. Marroquina;1.894;6.609
2019;14. Moratalaz;144. Media Legua;1.255;4.017
2019;14. Moratalaz;145. Fontarrón;1.435;4.205
2019;14. Moratalaz;146. Vinateros;1.256;4.106
2019;15. Ciudad Lineal;15. Ciudad Lineal;;
2019;15. Ciudad Lineal;15. Ciudad Lineal;15.970;56.051
2019;15. Ciudad Lineal;151. Ventas;4.085;12.677
2019;15. Ciudad Lineal;152. Pueblo Nuevo;5.323;16.561
2019;15. Ciudad Lineal;153. Quintana;2.079;6.563
2019;15. Ciudad Lineal;154. Concepción;1.458;5.326
2019;15. Ciudad Lineal;155. San Pascual;1.102;4.569
2019;15. Ciudad Lineal;156. San Juan Bautista;592;3.106
2019;15. Ciudad Lineal;157. Colina;304;1.615
2019;15. Ciudad Lineal;158. Atalaya;54;332
2019;15. Ciudad Lineal;159. Costillares;973;5.302
2019;16. Hortaleza;16. Hortaleza;;
2019;16. Hortaleza;16. Hortaleza;11.396;50.968
2019;16. Hortaleza;161. Palomas;225;1.620
2019;16. Hortaleza;162. Piovera;588;3.565
2019;16. Hortaleza;163. Canillas;2.631;10.093
2019;16. Hortaleza;164. Pinar del Rey;3.938;13.516
2019;16. Hortaleza;165. Apóstol Santiago;1.091;3.828
2019;16. Hortaleza;166. Valdefuentes;2.923;18.346
2019;17. Villaverde;17. Villaverde;;
2019;17. Villaverde;17. Villaverde;13.750;37.067
2019;17. Villaverde;171. Villaverde Alto, Casco Histórico de Villaverde;4.316;11.053
2019;17. Villaverde;172. San Cristóbal;1.599;3.290
2019;17. Villaverde;173. Butarque;1.654;5.752
2019;17. Villaverde;174. Los Rosales;3.457;9.838
2019;17. Villaverde;175. Ángeles;2.724;7.134
2019;18. Villa de Vallecas;18. Villa de Vallecas;;
2019;18. Villa de Vallecas;18. Villa de Vallecas;9.619;32.689
2019;18. Villa de Vallecas;181. Casco Histórico de Vallecas;3.737;9.905
2019;18. Villa de Vallecas;182. Santa Eugenia;2.052;6.414
2019;18. Villa de Vallecas;183. Ensanche de Vallecas;3.830;16.370
2019;19. Vicálvaro;19. Vicálvaro;;
2019;19. Vicálvaro;19. Vicálvaro;5.732;20.105
2019;19. Vicálvaro;191. Casco Histórico de Vicálvaro;3.032;8.697
2019;19. Vicálvaro;192. Valdebernardo;1.475;4.725
2019;19. Vicálvaro;193. Valderribas;1.120;6.062
2019;19. Vicálvaro;194. El Cañaveral;105;621
2019;20. San Blas-Canillejas;20. San Blas-Canillejas;;
2019;20. San Blas-Canillejas;20. San Blas-Canillejas;12.316;43.330
2019;20. San Blas-Canillejas;201. Simancas;2.371;7.867
2019;20. San Blas-Canillejas;202. Hellín;832;2.317
2019;20. San Blas-Canillejas;203. Amposta;821;2.063
2019;20. San Blas-Canillejas;204. Arcos;1.996;6.596
2019;20. San Blas-Canillejas;205. Rosas;2.146;9.263
2019;20. San Blas-Canillejas;206. Rejas;1.138;5.118
2019;20. San Blas-Canillejas;207. Canillejas;2.343;7.314
2019;20. San Blas-Canillejas;208. El Salvador;669;2.792
2019;21. Barajas;21. Barajas;;
2019;21. Barajas;21. Barajas;3.041;13.935
2019;21. Barajas;211. Alameda de Osuna;1.032;4.812
2019;21. Barajas;212. Aeropuerto;174;447
2019;21. Barajas;213. Casco Histórico de Barajas;661;2.264
2019;21. Barajas;214. Timón;867;4.136
2019;21. Barajas;215. Corralejos;307;2.276
2020;01. Centro;01. Centro;;
2020;01. Centro;01. Centro;10.240;35.153
2020;01. Centro;011. Palacio;1.530;5.638
2020;01. Centro;012. Embajadores;4.126;11.679
2020;01. Centro;013. Cortes;682;2.562
2020;01. Centro;014. Justicia;1.011;4.613
2020;01. Centro;015. Universidad;2.387;9.016
2020;01. Centro;016. Sol;504;1.645
2020;02. Arganzuela;02. Arganzuela;;
2020;02. Arganzuela;02. Arganzuela;11.360;40.651
2020;02. Arganzuela;021. Imperial;1.524;5.696
2020;02. Arganzuela;022. Acacias;2.622;8.907
2020;02. Arganzuela;023. Chopera;1.623;5.111
2020;02. Arganzuela;024. Legazpi;1.282;6.142
2020;02. Arganzuela;025. Delicias;2.109;7.647
2020;02. Arganzuela;026. Palos de Moguer;2.108;6.856
2020;02. Arganzuela;027. Atocha;92;292
2020;03. Retiro;03. Retiro;;
2020;03. Retiro;03. Retiro;6.800;28.220
2020;03. Retiro;031. Pacífico;2.155;8.097
2020;03. Retiro;032. Adelfas;1.220;4.936
2020;03. Retiro;033. Estrella;1.221;5.195
2020;03. Retiro;034. Ibiza;1.207;5.198
2020;03. Retiro;035. Los Jerónimos;267;1.403
2020;03. Retiro;036. Niño Jesús;730;3.391
2020;04. Salamanca;04. Salamanca;;
2020;04. Salamanca;04. Salamanca;7.152;35.935
2020;04. Salamanca;041. Recoletos;457;3.261
2020;04. Salamanca;042. Goya;1.455;7.184
2020;04. Salamanca;043. Fuente del Berro;1.317;5.469
2020;04. Salamanca;044. Guindalera;2.398;11.045
2020;04. Salamanca;045. Lista;997;5.124
2020;04. Salamanca;046. Castellana;528;3.852
2020;05. Chamartín;05. Chamartín;;
2020;05. Chamartín;05. Chamartín;6.703;37.629
2020;05. Chamartín;051. El Viso;530;4.192
2020;05. Chamartín;052. Prosperidad;2.087;9.837
2020;05. Chamartín;053. Ciudad Jardín;1.089;4.900
2020;05. Chamartín;054. Hispanoamérica;1.273;7.886
2020;05. Chamartín;055. Nueva España;843;6.461
2020;05. Chamartín;056. Castilla;881;4.353
2020;06. Tetuán;06. Tetuán;;
2020;06. Tetuán;06. Tetuán;11.315;44.116
2020;06. Tetuán;061. Bellas Vistas;2.189;7.969
2020;06. Tetuán;062. Cuatro Caminos;2.018;9.570
2020;06. Tetuán;063. Castillejos;1.121;5.610
2020;06. Tetuán;064. Almenara;1.712;6.064
2020;06. Tetuán;065. Valdeacederas;2.188;7.705
2020;06. Tetuán;066. Berruguete;2.087;7.198
2020;07. Chamberí;07. Chamberí;;
2020;07. Chamberí;07. Chamberí;7.810;35.243
2020;07. Chamberí;071. Gaztambide;1.553;5.365
2020;07. Chamberí;072. Arapiles;1.510;6.372
2020;07. Chamberí;073. Trafalgar;1.438;6.767
2020;07. Chamberí;074. Almagro;797;4.808
2020;07. Chamberí;075. Ríos Rosas;1.498;7.325
2020;07. Chamberí;076. Vallehermoso;1.014;4.606
2020;08. Fuencarral-El Pardo;08. Fuencarral-El Pardo;;
2020;08. Fuencarral-El Pardo;08. Fuencarral-El Pardo;14.048;64.899
2020;08. Fuencarral-El Pardo;081. El Pardo;172;793
2020;08. Fuencarral-El Pardo;082. Fuentelarreina;109;660
2020;08. Fuencarral-El Pardo;083. Peñagrande;2.688;10.779
2020;08. Fuencarral-El Pardo;084. Pilar;3.245;11.956
2020;08. Fuencarral-El Pardo;085. La Paz;1.776;7.266
2020;08. Fuencarral-El Pardo;086. Valverde;3.796;19.058
2020;08. Fuencarral-El Pardo;087. Mirasierra;1.537;8.629
2020;08. Fuencarral-El Pardo;088. El Goloso;725;5.758
2020;09. Moncloa-Aravaca;09. Moncloa-Aravaca;;
2020;09. Moncloa-Aravaca;09. Moncloa-Aravaca;6.302;27.875
2020;09. Moncloa-Aravaca;091. Casa de Campo;880;3.005
2020;09. Moncloa-Aravaca;092. Argüelles;1.318;5.478
2020;09. Moncloa-Aravaca;093. Ciudad Universitaria;818;3.436
2020;09. Moncloa-Aravaca;094. Valdezarza;1.963;7.303
2020;09. Moncloa-Aravaca;095. Valdemarín;168;1.567
2020;09. Moncloa-Aravaca;096. El Plantío;98;621
2020;09. Moncloa-Aravaca;097. Aravaca;1.057;6.465
2020;10. Latina;10. Latina;;
2020;10. Latina;10. Latina;18.134;57.581
2020;10. Latina;101. Los Cármenes;1.351;4.223
2020;10. Latina;102. Puerta del Ángel;3.323;10.278
2020;10. Latina;103. Lucero;2.930;8.788
2020;10. Latina;104. Aluche;4.962;15.297
2020;10. Latina;105. Campamento;1.475;4.621
2020;10. Latina;106. Cuatro Vientos;381;1.828
2020;10. Latina;107. Águilas;3.712;12.546
2020;11. Carabanchel;11. Carabanchel;;
2020;11. Carabanchel;11. Carabanchel;20.729;63.809
2020;11. Carabanchel;111. Comillas;1.815;5.321
2020;11. Carabanchel;112. Opañel;2.705;8.280
2020;11. Carabanchel;113. San Isidro;3.317;9.519
2020;11. Carabanchel;114. Vista Alegre;3.901;11.077
2020;11. Carabanchel;115. Puerta Bonita;2.946;8.464
2020;11. Carabanchel;116. Buenavista;3.589;13.469
2020;11. Carabanchel;117. Abrantes;2.456;7.679
2020;12. Usera;12. Usera;;
2020;12. Usera;12. Usera;11.656;33.139
2020;12. Usera;121. Orcasitas;1.795;5.630
2020;12. Usera;122. Orcasur;1.190;3.175
2020;12. Usera;123. San Fermín;1.897;5.753
2020;12. Usera;124. Almendrales;1.881;5.187
2020;12. Usera;125. Moscardó;2.284;6.225
2020;12. Usera;126. Zofío;1.246;3.348
2020;12. Usera;127. Pradolongo;1.363;3.821
2020;13. Puente de Vallecas;13. Puente de Vallecas;;
2020;13. Puente de Vallecas;13. Puente de Vallecas;20.834;58.941
2020;13. Puente de Vallecas;131. Entrevías;2.892;8.080
2020;13. Puente de Vallecas;132. San Diego;4.095;10.489
2020;13. Puente de Vallecas;133. Palomeras Bajas;3.678;10.441
2020;13. Puente de Vallecas;134. Palomeras Sureste;3.591;11.447
2020;13. Puente de Vallecas;135. Portazgo;2.405;6.689
2020;13. Puente de Vallecas;136. Numancia;4.173;11.795
2020;14. Moratalaz;14. Moratalaz;;
2020;14. Moratalaz;14. Moratalaz;6.654;22.750
2020;14. Moratalaz;141. Pavones;649;2.042
2020;14. Moratalaz;142. Horcajo;442;1.764
2020;14. Moratalaz;143. Marroquina;1.800;6.528
2020;14. Moratalaz;144. Media Legua;1.216;3.971
2020;14. Moratalaz;145. Fontarrón;1.321;4.310
2020;14. Moratalaz;146. Vinateros;1.226;4.135
2020;15. Ciudad Lineal;15. Ciudad Lineal;;
2020;15. Ciudad Lineal;15. Ciudad Lineal;14.923;56.478
2020;15. Ciudad Lineal;151. Ventas;3.878;12.767
2020;15. Ciudad Lineal;152. Pueblo Nuevo;4.894;16.718
2020;15. Ciudad Lineal;153. Quintana;1.926;6.653
2020;15. Ciudad Lineal;154. Concepción;1.350;5.371
2020;15. Ciudad Lineal;155. San Pascual;1.004;4.543
2020;15. Ciudad Lineal;156. San Juan Bautista;598;3.164
2020;15. Ciudad Lineal;157. Colina;314;1.595
2020;15. Ciudad Lineal;158. Atalaya;51;334
2020;15. Ciudad Lineal;159. Costillares;908;5.333
2020;16. Hortaleza;16. Hortaleza;;
2020;16. Hortaleza;16. Hortaleza;10.560;52.172
2020;16. Hortaleza;161. Palomas;214;1.600
2020;16. Hortaleza;162. Piovera;539;3.556
2020;16. Hortaleza;163. Canillas;2.427;10.070
2020;16. Hortaleza;164. Pinar del Rey;3.507;13.552
2020;16. Hortaleza;165. Apóstol Santiago;1.009;3.846
2020;16. Hortaleza;166. Valdefuentes;2.864;19.548
2020;17. Villaverde;17. Villaverde;;
2020;17. Villaverde;17. Villaverde;12.941;37.705
2020;17. Villaverde;171. Villaverde Alto, Casco Histórico de Villaverde;4.064;11.111
2020;17. Villaverde;172. San Cristóbal;1.446;3.392
2020;17. Villaverde;173. Butarque;1.619;6.027
2020;17. Villaverde;174. Los Rosales;3.231;9.794
2020;17. Villaverde;175. Ángeles;2.581;7.381
2020;18. Villa de Vallecas;18. Villa de Vallecas;;
2020;18. Villa de Vallecas;18. Villa de Vallecas;9.153;33.479
2020;18. Villa de Vallecas;181. Casco Histórico de Vallecas;3.442;9.995
2020;18. Villa de Vallecas;182. Santa Eugenia;1.897;6.417
2020;18. Villa de Vallecas;183. Ensanche de Vallecas;3.814;17.067
2020;19. Vicálvaro;19. Vicálvaro;;
2020;19. Vicálvaro;19. Vicálvaro;5.597;20.411
2020;19. Vicálvaro;191. Casco Histórico de Vicálvaro;2.897;9.128
2020;19. Vicálvaro;192. Valdebernardo;1.439;4.659
2020;19. Vicálvaro;193. Valderribas;1.114;6.013
2020;19. Vicálvaro;194. El Cañaveral;147;611
2020;20. San Blas-Canillejas;20. San Blas-Canillejas;;
2020;20. San Blas-Canillejas;20. San Blas-Canillejas;11.214;43.591
2020;20. San Blas-Canillejas;201. Simancas;2.098;8.026
2020;20. San Blas-Canillejas;202. Hellín;773;2.323
2020;20. San Blas-Canillejas;203. Amposta;772;2.133
2020;20. San Blas-Canillejas;204. Arcos;1.829;6.630
2020;20. San Blas-Canillejas;205. Rosas;2.044;9.166
2020;20. San Blas-Canillejas;206. Rejas;1.045;5.202
2020;20. San Blas-Canillejas;207. Canillejas;2.072;7.320
2020;20. San Blas-Canillejas;208. El Salvador;581;2.791
2020;21. Barajas;21. Barajas;;
2020;21. Barajas;21. Barajas;2.743;14.101
2020;21. Barajas;211. Alameda de Osuna;929;4.885
2020;21. Barajas;212. Aeropuerto;149;466
2020;21. Barajas;213. Casco Histórico de Barajas;573;2.245
2020;21. Barajas;214. Timón;800;4.220
2020;21. Barajas;215. Corralejos;292;2.285
