AÑO;DISTRITO;BARRIO;Agricultura;Industria;Construcción;Servicios;Otros
2017;01. Centro;01. Centro;;;;;
2017;01. Centro;01. Centro;33;1.641;1.328;52.998;27
2017;01. Centro;011. Palacio;5;276;233;8.815;7
2017;01. Centro;012. Embajadores;6;530;470;17.957;8
2017;01. Centro;013. Cortes;4;137;116;4.189;3
2017;01. Centro;014. Justicia;2;212;145;6.565;2
2017;01. Centro;015. Universidad;13;394;294;12.671;6
2017;01. Centro;016. Sol;3;92;70;2.799;1
2017;02. Arganzuela;02. Arganzuela;;;;;
2017;02. Arganzuela;02. Arganzuela;58;3.160;1.924;58.639;20
2017;02. Arganzuela;021. Imperial;6;438;249;8.505;1
2017;02. Arganzuela;022. Acacias;18;735;412;13.629;3
2017;02. Arganzuela;023. Chopera;4;331;309;7.285;3
2017;02. Arganzuela;024. Legazpi;5;567;286;8.225;2
2017;02. Arganzuela;025. Delicias;6;626;364;10.611;5
2017;02. Arganzuela;026. Palos de Moguer;19;441;290;9.928;5
2017;02. Arganzuela;027. Atocha;0;22;14;455;1
2017;03. Retiro;03. Retiro;;;;;
2017;03. Retiro;03. Retiro;46;2.151;1.264;41.672;8
2017;03. Retiro;031. Pacífico;9;571;348;12.202;1
2017;03. Retiro;032. Adelfas;2;445;220;6.831;2
2017;03. Retiro;033. Estrella;10;439;250;7.649;0
2017;03. Retiro;034. Ibiza;8;349;217;7.550;2
2017;03. Retiro;035. Los Jerónimos;8;92;63;2.241;1
2017;03. Retiro;036. Niño Jesús;9;255;166;5.199;2
2017;04. Salamanca;04. Salamanca;;;;;
2017;04. Salamanca;04. Salamanca;87;2.266;1.446;50.926;16
2017;04. Salamanca;041. Recoletos;15;190;139;5.166;6
2017;04. Salamanca;042. Goya;14;490;265;10.420;2
2017;04. Salamanca;043. Fuente del Berro;7;362;242;7.644;3
2017;04. Salamanca;044. Guindalera;13;725;428;14.893;3
2017;04. Salamanca;045. Lista;8;328;195;7.132;2
2017;04. Salamanca;046. Castellana;30;171;177;5.671;0
2017;05. Chamartín;05. Chamartín;;;;;
2017;05. Chamartín;05. Chamartín;81;2.371;1.538;51.328;11
2017;05. Chamartín;051. El Viso;26;187;202;6.085;2
2017;05. Chamartín;052. Prosperidad;9;657;397;13.260;4
2017;05. Chamartín;053. Ciudad Jardín;7;305;207;6.794;3
2017;05. Chamartín;054. Hispanoamérica;14;512;316;10.746;1
2017;05. Chamartín;055. Nueva España;20;414;269;8.482;1
2017;05. Chamartín;056. Castilla;5;296;147;5.960;0
2017;06. Tetuán;06. Tetuán;;;;;
2017;06. Tetuán;06. Tetuán;44;2.384;2.182;57.677;32
2017;06. Tetuán;061. Bellas Vistas;7;344;390;10.709;5
2017;06. Tetuán;062. Cuatro Caminos;12;541;389;12.414;6
2017;06. Tetuán;063. Castillejos;6;318;217;7.281;1
2017;06. Tetuán;064. Almenara;8;330;332;7.828;7
2017;06. Tetuán;065. Valdeacederas;4;472;456;10.044;5
2017;06. Tetuán;066. Berruguete;7;379;398;9.401;8
2017;07. Chamberí;07. Chamberí;;;;;
2017;07. Chamberí;07. Chamberí;75;2.014;1.281;49.884;21
2017;07. Chamberí;071. Gaztambide;14;296;188;7.918;6
2017;07. Chamberí;072. Arapiles;7;329;235;8.860;2
2017;07. Chamberí;073. Trafalgar;8;399;237;9.557;4
2017;07. Chamberí;074. Almagro;23;244;195;7.026;4
2017;07. Chamberí;075. Ríos Rosas;8;441;266;9.919;3
2017;07. Chamberí;076. Vallehermoso;15;304;160;6.604;2
2017;08. Fuencarral-El Pardo;08. Fuencarral-El Pardo;;;;;
2017;08. Fuencarral-El Pardo;08. Fuencarral-El Pardo;81;4.640;3.373;85.254;28
2017;08. Fuencarral-El Pardo;081. El Pardo;4;32;18;1.093;1
2017;08. Fuencarral-El Pardo;082. Fuentelarreina;11;42;38;956;0
2017;08. Fuencarral-El Pardo;083. Peñagrande;10;820;619;15.415;7
2017;08. Fuencarral-El Pardo;084. Pilar;10;764;673;15.952;4
2017;08. Fuencarral-El Pardo;085. La Paz;13;627;328;11.180;2
2017;08. Fuencarral-El Pardo;086. Valverde;17;1.276;1.008;23.167;6
2017;08. Fuencarral-El Pardo;087. Mirasierra;6;637;388;11.013;3
2017;08. Fuencarral-El Pardo;088. El Goloso;10;442;301;6.478;5
2017;09. Moncloa-Aravaca;09. Moncloa-Aravaca;;;;;
2017;09. Moncloa-Aravaca;09. Moncloa-Aravaca;60;1.891;1.314;40.208;15
2017;09. Moncloa-Aravaca;091. Casa de Campo;7;196;121;4.437;3
2017;09. Moncloa-Aravaca;092. Argüelles;10;351;202;8.339;3
2017;09. Moncloa-Aravaca;093. Ciudad Universitaria;6;252;165;5.044;3
2017;09. Moncloa-Aravaca;094. Valdezarza;7;500;376;10.098;4
2017;09. Moncloa-Aravaca;095. Valdemarín;5;99;96;2.261;0
2017;09. Moncloa-Aravaca;096. El Plantío;7;48;51;932;2
2017;09. Moncloa-Aravaca;097. Aravaca;18;445;303;9.096;0
2017;10. Latina;10. Latina;;;;;
2017;10. Latina;10. Latina;67;3.603;4.010;78.235;69
2017;10. Latina;101. Los Cármenes;5;265;332;5.686;7
2017;10. Latina;102. Puerta del Ángel;13;574;686;14.567;12
2017;10. Latina;103. Lucero;7;562;672;11.957;19
2017;10. Latina;104. Aluche;19;941;1.063;20.841;17
2017;10. Latina;105. Campamento;6;242;298;6.143;3
2017;10. Latina;106. Cuatro Vientos;2;134;95;2.260;0
2017;10. Latina;107. Águilas;15;885;864;16.778;11
2017;11. Carabanchel;11. Carabanchel;;;;;
2017;11. Carabanchel;11. Carabanchel;63;4.354;5.297;83.736;65
2017;11. Carabanchel;111. Comillas;6;341;370;7.438;6
2017;11. Carabanchel;112. Opañel;9;558;603;11.133;13
2017;11. Carabanchel;113. San Isidro;8;605;825;12.779;11
2017;11. Carabanchel;114. Vista Alegre;12;662;986;14.693;7
2017;11. Carabanchel;115. Puerta Bonita;10;597;781;10.777;11
2017;11. Carabanchel;116. Buenavista;12;1.056;1.053;17.055;9
2017;11. Carabanchel;117. Abrantes;6;535;679;9.859;8
2017;12. Usera;12. Usera;;;;;
2017;12. Usera;12. Usera;36;2.609;3.112;44.306;37
2017;12. Usera;121. Orcasitas;2;521;545;7.247;0
2017;12. Usera;122. Orcasur;3;272;321;4.241;6
2017;12. Usera;123. San Fermín;9;425;486;7.684;7
2017;12. Usera;124. Almendrales;8;381;497;6.834;9
2017;12. Usera;125. Moscardó;10;429;546;8.588;7
2017;12. Usera;126. Zofío;0;213;330;4.454;5
2017;12. Usera;127. Pradolongo;4;368;387;5.255;3
2017;13. Puente de Vallecas;13. Puente de Vallecas;;;;;
2017;13. Puente de Vallecas;13. Puente de Vallecas;45;4.198;5.402;77.356;65
2017;13. Puente de Vallecas;131. Entrevías;7;601;882;10.299;11
2017;13. Puente de Vallecas;132. San Diego;10;574;1.039;13.381;15
2017;13. Puente de Vallecas;133. Palomeras Bajas;9;793;854;14.244;13
2017;13. Puente de Vallecas;134. Palomeras Sureste;4;929;1.004;15.066;12
2017;13. Puente de Vallecas;135. Portazgo;5;488;651;8.754;5
2017;13. Puente de Vallecas;136. Numancia;10;813;972;15.609;9
2017;14. Moratalaz;14. Moratalaz;;;;;
2017;14. Moratalaz;14. Moratalaz;18;1.614;1.442;31.347;13
2017;14. Moratalaz;141. Pavones;1;155;131;2.884;1
2017;14. Moratalaz;142. Horcajo;0;153;100;2.530;0
2017;14. Moratalaz;143. Marroquina;6;529;390;9.340;4
2017;14. Moratalaz;144. Media Legua;3;265;266;5.637;2
2017;14. Moratalaz;145. Fontarrón;5;263;299;5.482;1
2017;14. Moratalaz;146. Vinateros;3;249;256;5.474;5
2017;15. Ciudad Lineal;15. Ciudad Lineal;;;;;
2017;15. Ciudad Lineal;15. Ciudad Lineal;36;3.828;3.205;74.680;32
2017;15. Ciudad Lineal;151. Ventas;9;721;818;16.525;10
2017;15. Ciudad Lineal;152. Pueblo Nuevo;3;1.110;1.094;21.755;16
2017;15. Ciudad Lineal;153. Quintana;4;436;306;8.756;1
2017;15. Ciudad Lineal;154. Concepción;2;335;276;7.186;1
2017;15. Ciudad Lineal;155. San Pascual;6;330;236;6.301;2
2017;15. Ciudad Lineal;156. San Juan Bautista;7;272;148;4.303;1
2017;15. Ciudad Lineal;157. Colina;2;123;75;2.079;0
2017;15. Ciudad Lineal;158. Atalaya;0;31;18;495;0
2017;15. Ciudad Lineal;159. Costillares;3;470;234;7.280;1
2017;16. Hortaleza;16. Hortaleza;;;;;
2017;16. Hortaleza;16. Hortaleza;60;3.903;2.889;65.319;22
2017;16. Hortaleza;161. Palomas;6;179;111;2.236;1
2017;16. Hortaleza;162. Piovera;5;333;224;5.192;0
2017;16. Hortaleza;163. Canillas;14;788;583;13.851;6
2017;16. Hortaleza;164. Pinar del Rey;14;945;831;18.005;7
2017;16. Hortaleza;165. Apóstol Santiago;3;282;229;5.128;4
2017;16. Hortaleza;166. Valdefuentes;18;1.376;911;20.907;4
2017;17. Villaverde;17. Villaverde;;;;;
2017;17. Villaverde;17. Villaverde;34;3.148;3.402;47.165;32
2017;17. Villaverde;171. Villaverde Alto, Casco Histórico de Villaverde;3;1.064;1.080;13.933;14
2017;17. Villaverde;172. San Cristóbal;1;204;428;4.197;3
2017;17. Villaverde;173. Butarque;7;488;489;6.772;1
2017;17. Villaverde;174. Los Rosales;13;783;838;12.783;7
2017;17. Villaverde;175. Ángeles;10;609;567;9.480;7
2017;18. Villa de Vallecas;18. Villa de Vallecas;;;;;
2017;18. Villa de Vallecas;18. Villa de Vallecas;27;2.841;2.440;40.025;31
2017;18. Villa de Vallecas;181. Casco Histórico de Vallecas;13;942;973;12.858;22
2017;18. Villa de Vallecas;182. Santa Eugenia;10;561;520;8.733;4
2017;18. Villa de Vallecas;183. Ensanche de Vallecas;4;1.338;947;18.434;5
2017;19. Vicálvaro;19. Vicálvaro;;;;;
2017;19. Vicálvaro;19. Vicálvaro;13;1.736;1.553;25.164;15
2017;19. Vicálvaro;191. Casco Histórico de Vicálvaro;7;677;870;10.427;10
2017;19. Vicálvaro;192. Valdebernardo;3;407;284;6.819;4
2017;19. Vicálvaro;193. Valderribas;3;640;396;7.802;1
2017;19. Vicálvaro;194. El Cañaveral;0;12;3;116;0
2017;20. San Blas-Canillejas;20. San Blas-Canillejas;;;;;
2017;20. San Blas-Canillejas;20. San Blas-Canillejas;17;3.885;2.781;55.801;19
2017;20. San Blas-Canillejas;201. Simancas;6;625;461;9.799;0
2017;20. San Blas-Canillejas;202. Hellín;0;184;150;2.914;3
2017;20. San Blas-Canillejas;203. Amposta;0;142;173;2.594;0
2017;20. San Blas-Canillejas;204. Arcos;5;562;456;8.412;3
2017;20. San Blas-Canillejas;205. Rosas;0;978;512;12.180;4
2017;20. San Blas-Canillejas;206. Rejas;0;482;290;6.205;2
2017;20. San Blas-Canillejas;207. Canillejas;4;669;586;9.593;6
2017;20. San Blas-Canillejas;208. El Salvador;2;243;153;4.104;1
2017;21. Barajas;21. Barajas;;;;;
2017;21. Barajas;21. Barajas;16;1.088;606;17.436;8
2017;21. Barajas;211. Alameda de Osuna;7;402;168;6.526;3
2017;21. Barajas;212. Aeropuerto;0;38;27;589;1
2017;21. Barajas;213. Casco Histórico de Barajas;2;150;108;2.784;1
2017;21. Barajas;214. Timón;5;297;186;4.716;1
2017;21. Barajas;215. Corralejos;2;201;117;2.821;2
2018;01. Centro;01. Centro;;;;;
2018;01. Centro;01. Centro;41;1.659;1.392;54.473;18
2018;01. Centro;011. Palacio;4;280;239;9.016;3
2018;01. Centro;012. Embajadores;11;550;502;18.460;8
2018;01. Centro;013. Cortes;4;138;118;4.261;2
2018;01. Centro;014. Justicia;9;200;165;6.791;1
2018;01. Centro;015. Universidad;12;399;301;13.108;4
2018;01. Centro;016. Sol;1;92;67;2.836;0
2018;02. Arganzuela;02. Arganzuela;;;;;
2018;02. Arganzuela;02. Arganzuela;50;3.170;2.040;60.381;26
2018;02. Arganzuela;021. Imperial;6;453;268;8.696;2
2018;02. Arganzuela;022. Acacias;14;699;415;14.009;5
2018;02. Arganzuela;023. Chopera;4;332;338;7.564;3
2018;02. Arganzuela;024. Legazpi;4;569;297;8.536;5
2018;02. Arganzuela;025. Delicias;7;623;386;10.923;3
2018;02. Arganzuela;026. Palos de Moguer;15;469;315;10.200;7
2018;02. Arganzuela;027. Atocha;0;25;21;452;1
2018;03. Retiro;03. Retiro;;;;;
2018;03. Retiro;03. Retiro;49;2.108;1.304;42.495;9
2018;03. Retiro;031. Pacífico;9;548;378;12.392;1
2018;03. Retiro;032. Adelfas;2;442;231;7.046;1
2018;03. Retiro;033. Estrella;10;424;246;7.745;0
2018;03. Retiro;034. Ibiza;9;350;218;7.738;2
2018;03. Retiro;035. Los Jerónimos;9;100;61;2.294;1
2018;03. Retiro;036. Niño Jesús;10;244;170;5.280;4
2018;04. Salamanca;04. Salamanca;;;;;
2018;04. Salamanca;04. Salamanca;87;2.276;1.471;52.760;17
2018;04. Salamanca;041. Recoletos;14;187;131;5.255;5
2018;04. Salamanca;042. Goya;14;485;286;10.797;1
2018;04. Salamanca;043. Fuente del Berro;8;356;250;7.885;4
2018;04. Salamanca;044. Guindalera;16;730;447;15.535;3
2018;04. Salamanca;045. Lista;5;343;194;7.498;4
2018;04. Salamanca;046. Castellana;30;175;163;5.790;0
2018;05. Chamartín;05. Chamartín;;;;;
2018;05. Chamartín;05. Chamartín;85;2.421;1.570;53.395;8
2018;05. Chamartín;051. El Viso;28;207;208;6.308;2
2018;05. Chamartín;052. Prosperidad;11;673;390;13.814;2
2018;05. Chamartín;053. Ciudad Jardín;9;305;211;7.094;4
2018;05. Chamartín;054. Hispanoamérica;12;514;331;11.034;0
2018;05. Chamartín;055. Nueva España;22;414;278;8.870;0
2018;05. Chamartín;056. Castilla;3;308;152;6.274;0
2018;06. Tetuán;06. Tetuán;;;;;
2018;06. Tetuán;06. Tetuán;41;2.405;2.408;60.284;25
2018;06. Tetuán;061. Bellas Vistas;8;359;426;11.192;4
2018;06. Tetuán;062. Cuatro Caminos;9;541;410;12.836;3
2018;06. Tetuán;063. Castillejos;4;330;238;7.613;2
2018;06. Tetuán;064. Almenara;8;341;360;8.278;6
2018;06. Tetuán;065. Valdeacederas;5;456;514;10.494;5
2018;06. Tetuán;066. Berruguete;7;378;460;9.871;5
2018;07. Chamberí;07. Chamberí;;;;;
2018;07. Chamberí;07. Chamberí;72;2.030;1.282;51.440;14
2018;07. Chamberí;071. Gaztambide;11;288;192;8.188;1
2018;07. Chamberí;072. Arapiles;9;359;238;9.142;3
2018;07. Chamberí;073. Trafalgar;7;397;234;9.814;2
2018;07. Chamberí;074. Almagro;25;226;202;7.210;2
2018;07. Chamberí;075. Ríos Rosas;7;452;257;10.291;4
2018;07. Chamberí;076. Vallehermoso;13;307;159;6.795;2
2018;08. Fuencarral-El Pardo;08. Fuencarral-El Pardo;;;;;
2018;08. Fuencarral-El Pardo;08. Fuencarral-El Pardo;84;4.445;3.490;88.553;25
2018;08. Fuencarral-El Pardo;081. El Pardo;3;40;24;1.127;0
2018;08. Fuencarral-El Pardo;082. Fuentelarreina;12;40;34;990;0
2018;08. Fuencarral-El Pardo;083. Peñagrande;15;776;615;15.636;4
2018;08. Fuencarral-El Pardo;084. Pilar;8;715;677;16.516;4
2018;08. Fuencarral-El Pardo;085. La Paz;13;594;346;11.275;2
2018;08. Fuencarral-El Pardo;086. Valverde;17;1.228;1.089;24.356;8
2018;08. Fuencarral-El Pardo;087. Mirasierra;7;628;410;11.782;4
2018;08. Fuencarral-El Pardo;088. El Goloso;9;424;295;6.871;3
2018;09. Moncloa-Aravaca;09. Moncloa-Aravaca;;;;;
2018;09. Moncloa-Aravaca;09. Moncloa-Aravaca;62;1.860;1.386;41.536;18
2018;09. Moncloa-Aravaca;091. Casa de Campo;8;187;135;4.614;2
2018;09. Moncloa-Aravaca;092. Argüelles;12;339;221;8.488;4
2018;09. Moncloa-Aravaca;093. Ciudad Universitaria;7;251;167;5.277;2
2018;09. Moncloa-Aravaca;094. Valdezarza;9;492;396;10.356;7
2018;09. Moncloa-Aravaca;095. Valdemarín;3;102;93;2.350;0
2018;09. Moncloa-Aravaca;096. El Plantío;8;41;53;953;1
2018;09. Moncloa-Aravaca;097. Aravaca;15;448;321;9.497;2
2018;10. Latina;10. Latina;;;;;
2018;10. Latina;10. Latina;75;3.618;4.512;81.117;58
2018;10. Latina;101. Los Cármenes;7;293;377;5.938;8
2018;10. Latina;102. Puerta del Ángel;13;568;770;15.099;14
2018;10. Latina;103. Lucero;8;531;739;12.460;12
2018;10. Latina;104. Aluche;20;956;1.236;21.568;8
2018;10. Latina;105. Campamento;9;247;339;6.345;4
2018;10. Latina;106. Cuatro Vientos;3;138;114;2.413;2
2018;10. Latina;107. Águilas;15;885;937;17.291;10
2018;11. Carabanchel;11. Carabanchel;;;;;
2018;11. Carabanchel;11. Carabanchel;73;4.288;5.760;87.704;57
2018;11. Carabanchel;111. Comillas;5;323;409;7.666;7
2018;11. Carabanchel;112. Opañel;12;562;665;11.693;7
2018;11. Carabanchel;113. San Isidro;13;598;867;13.415;14
2018;11. Carabanchel;114. Vista Alegre;9;664;1.087;15.384;6
2018;11. Carabanchel;115. Puerta Bonita;12;578;877;11.438;12
2018;11. Carabanchel;116. Buenavista;14;1.048;1.109;17.807;9
2018;11. Carabanchel;117. Abrantes;8;515;746;10.299;2
2018;12. Usera;12. Usera;;;;;
2018;12. Usera;12. Usera;32;2.559;3.395;46.415;32
2018;12. Usera;121. Orcasitas;0;517;562;7.506;2
2018;12. Usera;122. Orcasur;4;274;338;4.401;2
2018;12. Usera;123. San Fermín;3;415;542;8.032;6
2018;12. Usera;124. Almendrales;8;363;531;7.181;5
2018;12. Usera;125. Moscardó;15;423;628;8.940;9
2018;12. Usera;126. Zofío;1;209;361;4.761;3
2018;12. Usera;127. Pradolongo;1;358;433;5.592;5
2018;13. Puente de Vallecas;13. Puente de Vallecas;;;;;
2018;13. Puente de Vallecas;13. Puente de Vallecas;54;4.281;5.838;80.743;55
2018;13. Puente de Vallecas;131. Entrevías;7;611;964;10.803;13
2018;13. Puente de Vallecas;132. San Diego;14;586;1.114;14.269;4
2018;13. Puente de Vallecas;133. Palomeras Bajas;11;799;927;14.910;11
2018;13. Puente de Vallecas;134. Palomeras Sureste;4;934;1.054;15.351;7
2018;13. Puente de Vallecas;135. Portazgo;8;525;686;9.135;6
2018;13. Puente de Vallecas;136. Numancia;10;826;1.093;16.272;14
2018;14. Moratalaz;14. Moratalaz;;;;;
2018;14. Moratalaz;14. Moratalaz;21;1.582;1.473;32.286;9
2018;14. Moratalaz;141. Pavones;3;156;128;2.976;2
2018;14. Moratalaz;142. Horcajo;1;143;97;2.574;0
2018;14. Moratalaz;143. Marroquina;8;512;384;9.592;2
2018;14. Moratalaz;144. Media Legua;1;275;268;5.765;2
2018;14. Moratalaz;145. Fontarrón;4;238;328;5.736;1
2018;14. Moratalaz;146. Vinateros;4;258;268;5.643;2
2018;15. Ciudad Lineal;15. Ciudad Lineal;;;;;
2018;15. Ciudad Lineal;15. Ciudad Lineal;43;3.674;3.477;77.931;20
2018;15. Ciudad Lineal;151. Ventas;8;696;891;17.338;6
2018;15. Ciudad Lineal;152. Pueblo Nuevo;7;1.087;1.189;22.817;8
2018;15. Ciudad Lineal;153. Quintana;5;411;353;9.214;1
2018;15. Ciudad Lineal;154. Concepción;4;330;299;7.513;2
2018;15. Ciudad Lineal;155. San Pascual;5;310;263;6.389;2
2018;15. Ciudad Lineal;156. San Juan Bautista;6;257;158;4.468;1
2018;15. Ciudad Lineal;157. Colina;2;104;68;2.248;0
2018;15. Ciudad Lineal;158. Atalaya;0;30;16;505;0
2018;15. Ciudad Lineal;159. Costillares;6;449;240;7.439;0
2018;16. Hortaleza;16. Hortaleza;;;;;
2018;16. Hortaleza;16. Hortaleza;66;3.875;2.958;68.006;17
2018;16. Hortaleza;161. Palomas;5;161;101;2.331;1
2018;16. Hortaleza;162. Piovera;4;328;231;5.403;4
2018;16. Hortaleza;163. Canillas;16;808;596;14.095;1
2018;16. Hortaleza;164. Pinar del Rey;20;931;847;18.523;6
2018;16. Hortaleza;165. Apóstol Santiago;6;272;238;5.367;2
2018;16. Hortaleza;166. Valdefuentes;15;1.375;945;22.287;3
2018;17. Villaverde;17. Villaverde;;;;;
2018;17. Villaverde;17. Villaverde;43;3.203;3.768;49.381;31
2018;17. Villaverde;171. Villaverde Alto, Casco Histórico de Villaverde;6;1.096;1.194;14.567;10
2018;17. Villaverde;172. San Cristóbal;5;205;472;4.458;5
2018;17. Villaverde;173. Butarque;8;499;529;7.221;3
2018;17. Villaverde;174. Los Rosales;16;812;957;13.409;8
2018;17. Villaverde;175. Ángeles;8;591;616;9.726;5
2018;18. Villa de Vallecas;18. Villa de Vallecas;;;;;
2018;18. Villa de Vallecas;18. Villa de Vallecas;35;2.842;2.642;42.143;27
2018;18. Villa de Vallecas;181. Casco Histórico de Vallecas;10;925;1.060;13.165;15
2018;18. Villa de Vallecas;182. Santa Eugenia;13;541;544;8.938;6
2018;18. Villa de Vallecas;183. Ensanche de Vallecas;12;1.376;1.038;20.040;6
2018;19. Vicálvaro;19. Vicálvaro;;;;;
2018;19. Vicálvaro;19. Vicálvaro;25;1.742;1.673;26.187;15
2018;19. Vicálvaro;191. Casco Histórico de Vicálvaro;15;721;985;11.179;9
2018;19. Vicálvaro;192. Valdebernardo;4;401;273;6.966;5
2018;19. Vicálvaro;193. Valderribas;6;587;391;7.714;1
2018;19. Vicálvaro;194. El Cañaveral;0;33;24;328;0
2018;20. San Blas-Canillejas;20. San Blas-Canillejas;;;;;
2018;20. San Blas-Canillejas;20. San Blas-Canillejas;29;3.793;2.915;57.939;16
2018;20. San Blas-Canillejas;201. Simancas;7;612;493;10.358;1
2018;20. San Blas-Canillejas;202. Hellín;1;189;159;3.037;3
2018;20. San Blas-Canillejas;203. Amposta;1;134;198;2.738;0
2018;20. San Blas-Canillejas;204. Arcos;9;561;503;8.727;3
2018;20. San Blas-Canillejas;205. Rosas;1;908;509;12.543;4
2018;20. San Blas-Canillejas;206. Rejas;0;477;297;6.534;1
2018;20. San Blas-Canillejas;207. Canillejas;7;678;594;9.850;3
2018;20. San Blas-Canillejas;208. El Salvador;3;234;162;4.152;1
2018;21. Barajas;21. Barajas;;;;;
2018;21. Barajas;21. Barajas;17;1.087;625;18.118;3
2018;21. Barajas;211. Alameda de Osuna;6;400;172;6.603;0
2018;21. Barajas;212. Aeropuerto;0;31;30;611;0
2018;21. Barajas;213. Casco Histórico de Barajas;3;145;121;2.882;0
2018;21. Barajas;214. Timón;5;302;190;5.048;2
2018;21. Barajas;215. Corralejos;3;209;112;2.974;1
2019;01. Centro;01. Centro;;;;;
2019;01. Centro;01. Centro;48;1.710;1.414;56.103;32
2019;01. Centro;011. Palacio;4;295;252;9.281;9
2019;01. Centro;012. Embajadores;10;560;505;18.902;10
2019;01. Centro;013. Cortes;6;145;118;4.276;4
2019;01. Centro;014. Justicia;10;216;173;7.085;4
2019;01. Centro;015. Universidad;15;399;297;13.657;4
2019;01. Centro;016. Sol;3;95;69;2.901;1
2019;02. Arganzuela;02. Arganzuela;;;;;
2019;02. Arganzuela;02. Arganzuela;50;3.229;2.017;60.862;21
2019;02. Arganzuela;021. Imperial;8;439;259;8.784;2
2019;02. Arganzuela;022. Acacias;12;729;413;14.017;4
2019;02. Arganzuela;023. Chopera;5;350;336;7.665;2
2019;02. Arganzuela;024. Legazpi;5;586;300;8.687;3
2019;02. Arganzuela;025. Delicias;6;628;378;11.059;3
2019;02. Arganzuela;026. Palos de Moguer;14;475;311;10.183;6
2019;02. Arganzuela;027. Atocha;0;22;20;466;1
2019;03. Retiro;03. Retiro;;;;;
2019;03. Retiro;03. Retiro;52;2.107;1.295;42.798;15
2019;03. Retiro;031. Pacífico;10;584;365;12.436;6
2019;03. Retiro;032. Adelfas;4;437;229;7.081;2
2019;03. Retiro;033. Estrella;10;412;251;7.770;1
2019;03. Retiro;034. Ibiza;8;348;217;7.838;1
2019;03. Retiro;035. Los Jerónimos;10;92;63;2.274;2
2019;03. Retiro;036. Niño Jesús;10;234;170;5.399;3
2019;04. Salamanca;04. Salamanca;;;;;
2019;04. Salamanca;04. Salamanca;93;2.260;1.468;53.139;19
2019;04. Salamanca;041. Recoletos;15;197;139;5.215;7
2019;04. Salamanca;042. Goya;16;484;256;10.816;3
2019;04. Salamanca;043. Fuente del Berro;7;334;252;8.112;5
2019;04. Salamanca;044. Guindalera;16;720;452;15.691;2
2019;04. Salamanca;045. Lista;6;338;195;7.520;2
2019;04. Salamanca;046. Castellana;33;187;174;5.785;0
2019;05. Chamartín;05. Chamartín;;;;;
2019;05. Chamartín;05. Chamartín;92;2.395;1.609;54.184;11
2019;05. Chamartín;051. El Viso;33;199;208;6.361;3
2019;05. Chamartín;052. Prosperidad;11;664;408;13.988;1
2019;05. Chamartín;053. Ciudad Jardín;10;327;204;7.144;3
2019;05. Chamartín;054. Hispanoamérica;12;518;348;11.260;2
2019;05. Chamartín;055. Nueva España;22;396;279;9.102;1
2019;05. Chamartín;056. Castilla;4;291;162;6.329;1
2019;06. Tetuán;06. Tetuán;;;;;
2019;06. Tetuán;06. Tetuán;41;2.409;2.368;61.439;39
2019;06. Tetuán;061. Bellas Vistas;6;367;415;11.417;11
2019;06. Tetuán;062. Cuatro Caminos;8;540;394;13.283;4
2019;06. Tetuán;063. Castillejos;5;314;244;7.760;3
2019;06. Tetuán;064. Almenara;8;370;331;8.376;6
2019;06. Tetuán;065. Valdeacederas;6;446;518;10.592;7
2019;06. Tetuán;066. Berruguete;8;372;466;10.011;8
2019;07. Chamberí;07. Chamberí;;;;;
2019;07. Chamberí;07. Chamberí;76;2.117;1.340;52.510;8
2019;07. Chamberí;071. Gaztambide;12;301;215;8.426;0
2019;07. Chamberí;072. Arapiles;9;384;251;9.290;1
2019;07. Chamberí;073. Trafalgar;6;403;243;9.999;1
2019;07. Chamberí;074. Almagro;27;257;206;7.280;2
2019;07. Chamberí;075. Ríos Rosas;7;469;263;10.531;3
2019;07. Chamberí;076. Vallehermoso;15;302;162;6.982;1
2019;08. Fuencarral-El Pardo;08. Fuencarral-El Pardo;;;;;
2019;08. Fuencarral-El Pardo;08. Fuencarral-El Pardo;77;4.439;3.500;89.963;24
2019;08. Fuencarral-El Pardo;081. El Pardo;4;38;25;1.186;0
2019;08. Fuencarral-El Pardo;082. Fuentelarreina;11;43;33;1.020;0
2019;08. Fuencarral-El Pardo;083. Peñagrande;14;768;620;15.706;4
2019;08. Fuencarral-El Pardo;084. Pilar;5;737;673;16.734;7
2019;08. Fuencarral-El Pardo;085. La Paz;11;570;332;11.187;2
2019;08. Fuencarral-El Pardo;086. Valverde;18;1.257;1.103;24.807;4
2019;08. Fuencarral-El Pardo;087. Mirasierra;6;621;423;12.181;5
2019;08. Fuencarral-El Pardo;088. El Goloso;8;405;291;7.142;2
2019;09. Moncloa-Aravaca;09. Moncloa-Aravaca;;;;;
2019;09. Moncloa-Aravaca;09. Moncloa-Aravaca;71;1.848;1.416;42.469;13
2019;09. Moncloa-Aravaca;091. Casa de Campo;8;179;125;4.713;2
2019;09. Moncloa-Aravaca;092. Argüelles;12;333;225;8.672;2
2019;09. Moncloa-Aravaca;093. Ciudad Universitaria;6;250;164;5.413;1
2019;09. Moncloa-Aravaca;094. Valdezarza;9;492;417;10.610;6
2019;09. Moncloa-Aravaca;095. Valdemarín;5;106;97;2.400;0
2019;09. Moncloa-Aravaca;096. El Plantío;8;40;62;986;1
2019;09. Moncloa-Aravaca;097. Aravaca;23;448;326;9.674;1
2019;10. Latina;10. Latina;;;;;
2019;10. Latina;10. Latina;80;3.694;4.582;82.213;75
2019;10. Latina;101. Los Cármenes;13;298;381;6.081;6
2019;10. Latina;102. Puerta del Ángel;14;596;768;15.231;19
2019;10. Latina;103. Lucero;6;545;793;12.688;14
2019;10. Latina;104. Aluche;21;964;1.214;21.809;17
2019;10. Latina;105. Campamento;7;245;361;6.400;9
2019;10. Latina;106. Cuatro Vientos;3;142;115;2.476;1
2019;10. Latina;107. Águilas;16;904;950;17.525;9
2019;11. Carabanchel;11. Carabanchel;;;;;
2019;11. Carabanchel;11. Carabanchel;80;4.355;5.974;89.568;71
2019;11. Carabanchel;111. Comillas;9;323;398;7.794;5
2019;11. Carabanchel;112. Opañel;12;583;649;11.868;12
2019;11. Carabanchel;113. San Isidro;12;612;903;13.637;15
2019;11. Carabanchel;114. Vista Alegre;8;652;1.144;15.622;12
2019;11. Carabanchel;115. Puerta Bonita;19;594;916;11.715;13
2019;11. Carabanchel;116. Buenavista;14;1.079;1.151;18.297;6
2019;11. Carabanchel;117. Abrantes;6;512;813;10.632;8
2019;12. Usera;12. Usera;;;;;
2019;12. Usera;12. Usera;37;2.524;3.495;47.528;39
2019;12. Usera;121. Orcasitas;3;518;600;7.802;3
2019;12. Usera;122. Orcasur;4;268;355;4.469;8
2019;12. Usera;123. San Fermín;6;417;528;8.256;5
2019;12. Usera;124. Almendrales;7;364;533;7.406;9
2019;12. Usera;125. Moscardó;11;403;638;9.162;5
2019;12. Usera;126. Zofío;2;223;403;4.815;4
2019;12. Usera;127. Pradolongo;4;331;438;5.613;5
2019;13. Puente de Vallecas;13. Puente de Vallecas;;;;;
2019;13. Puente de Vallecas;13. Puente de Vallecas;59;4.353;6.045;83.071;47
2019;13. Puente de Vallecas;131. Entrevías;10;649;1.017;11.044;4
2019;13. Puente de Vallecas;132. San Diego;12;597;1.198;14.865;13
2019;13. Puente de Vallecas;133. Palomeras Bajas;13;819;954;15.230;4
2019;13. Puente de Vallecas;134. Palomeras Sureste;10;943;1.035;15.766;5
2019;13. Puente de Vallecas;135. Portazgo;3;526;699;9.429;7
2019;13. Puente de Vallecas;136. Numancia;11;819;1.142;16.734;14
2019;14. Moratalaz;14. Moratalaz;;;;;
2019;14. Moratalaz;14. Moratalaz;22;1.613;1.512;32.547;11
2019;14. Moratalaz;141. Pavones;5;155;132;2.929;2
2019;14. Moratalaz;142. Horcajo;0;140;93;2.608;1
2019;14. Moratalaz;143. Marroquina;7;511;395;9.595;2
2019;14. Moratalaz;144. Media Legua;2;283;288;5.794;2
2019;14. Moratalaz;145. Fontarrón;4;265;346;5.875;2
2019;14. Moratalaz;146. Vinateros;4;259;258;5.745;2
2019;15. Ciudad Lineal;15. Ciudad Lineal;;;;;
2019;15. Ciudad Lineal;15. Ciudad Lineal;50;3.740;3.508;79.129;24
2019;15. Ciudad Lineal;151. Ventas;6;733;889;17.716;6
2019;15. Ciudad Lineal;152. Pueblo Nuevo;10;1.113;1.209;23.115;9
2019;15. Ciudad Lineal;153. Quintana;6;407;355;9.390;3
2019;15. Ciudad Lineal;154. Concepción;6;331;301;7.604;2
2019;15. Ciudad Lineal;155. San Pascual;5;310;262;6.407;2
2019;15. Ciudad Lineal;156. San Juan Bautista;6;247;153;4.461;1
2019;15. Ciudad Lineal;157. Colina;2;119;88;2.326;0
2019;15. Ciudad Lineal;158. Atalaya;0;27;16;513;0
2019;15. Ciudad Lineal;159. Costillares;9;453;235;7.597;1
2019;16. Hortaleza;16. Hortaleza;;;;;
2019;16. Hortaleza;16. Hortaleza;60;3.869;2.920;70.107;19
2019;16. Hortaleza;161. Palomas;6;144;90;2.390;1
2019;16. Hortaleza;162. Piovera;2;329;235;5.429;1
2019;16. Hortaleza;163. Canillas;15;776;552;14.184;4
2019;16. Hortaleza;164. Pinar del Rey;17;940;818;18.796;6
2019;16. Hortaleza;165. Apóstol Santiago;5;261;255;5.423;2
2019;16. Hortaleza;166. Valdefuentes;15;1.419;970;23.885;5
2019;17. Villaverde;17. Villaverde;;;;;
2019;17. Villaverde;17. Villaverde;37;3.294;3.871;50.856;44
2019;17. Villaverde;171. Villaverde Alto, Casco Histórico de Villaverde;6;1.125;1.244;15.112;16
2019;17. Villaverde;172. San Cristóbal;2;236;490;4.605;7
2019;17. Villaverde;173. Butarque;8;516;538;7.458;5
2019;17. Villaverde;174. Los Rosales;13;793;955;13.586;8
2019;17. Villaverde;175. Ángeles;8;624;644;10.095;8
2019;18. Villa de Vallecas;18. Villa de Vallecas;;;;;
2019;18. Villa de Vallecas;18. Villa de Vallecas;34;2.923;2.724;43.547;26
2019;18. Villa de Vallecas;181. Casco Histórico de Vallecas;15;970;1.072;13.467;13
2019;18. Villa de Vallecas;182. Santa Eugenia;8;540;542;8.979;5
2019;18. Villa de Vallecas;183. Ensanche de Vallecas;11;1.413;1.110;21.101;8
2019;19. Vicálvaro;19. Vicálvaro;;;;;
2019;19. Vicálvaro;19. Vicálvaro;28;1.733;1.671;27.011;11
2019;19. Vicálvaro;191. Casco Histórico de Vicálvaro;17;698;981;11.572;9
2019;19. Vicálvaro;192. Valdebernardo;3;403;274;6.974;2
2019;19. Vicálvaro;193. Valderribas;7;573;369;7.734;0
2019;19. Vicálvaro;194. El Cañaveral;1;59;47;731;0
2019;20. San Blas-Canillejas;20. San Blas-Canillejas;;;;;
2019;20. San Blas-Canillejas;20. San Blas-Canillejas;34;3.771;2.998;59.368;21
2019;20. San Blas-Canillejas;201. Simancas;10;623;556;10.661;4
2019;20. San Blas-Canillejas;202. Hellín;1;196;163;3.174;3
2019;20. San Blas-Canillejas;203. Amposta;0;132;196;2.852;3
2019;20. San Blas-Canillejas;204. Arcos;9;564;500;8.883;2
2019;20. San Blas-Canillejas;205. Rosas;4;890;521;12.725;6
2019;20. San Blas-Canillejas;206. Rejas;0;473;289;6.819;1
2019;20. San Blas-Canillejas;207. Canillejas;5;654;608;10.040;1
2019;20. San Blas-Canillejas;208. El Salvador;5;239;165;4.214;1
2019;21. Barajas;21. Barajas;;;;;
2019;21. Barajas;21. Barajas;14;1.129;640;18.702;5
2019;21. Barajas;211. Alameda de Osuna;5;404;176;6.724;0
2019;21. Barajas;212. Aeropuerto;1;35;32;613;0
2019;21. Barajas;213. Casco Histórico de Barajas;0;144;121;3.024;2
2019;21. Barajas;214. Timón;6;329;194;5.333;2
2019;21. Barajas;215. Corralejos;2;217;117;3.008;1
2020;01. Centro;01. Centro;;;;;
2020;01. Centro;01. Centro;46;1.802;1.457;57.359;42
2020;01. Centro;011. Palacio;5;309;263;9.291;6
2020;01. Centro;012. Embajadores;11;566;517;19.230;15
2020;01. Centro;013. Cortes;7;147;112;4.320;1
2020;01. Centro;014. Justicia;9;226;180;7.438;6
2020;01. Centro;015. Universidad;11;434;313;14.215;12
2020;01. Centro;016. Sol;3;120;72;2.865;2
2020;02. Arganzuela;02. Arganzuela;;;;;
2020;02. Arganzuela;02. Arganzuela;46;3.204;1.975;60.760;78
2020;02. Arganzuela;021. Imperial;5;415;252;8.654;12
2020;02. Arganzuela;022. Acacias;11;728;405;13.899;15
2020;02. Arganzuela;023. Chopera;2;348;306;7.548;12
2020;02. Arganzuela;024. Legazpi;5;587;307;8.627;8
2020;02. Arganzuela;025. Delicias;6;611;380;11.188;11
2020;02. Arganzuela;026. Palos de Moguer;17;490;302;10.361;19
2020;02. Arganzuela;027. Atocha;0;25;23;483;1
2020;03. Retiro;03. Retiro;;;;;
2020;03. Retiro;03. Retiro;51;2.067;1.296;42.624;46
2020;03. Retiro;031. Pacífico;9;570;360;12.269;17
2020;03. Retiro;032. Adelfas;3;426;236;7.107;8
2020;03. Retiro;033. Estrella;8;406;263;7.777;7
2020;03. Retiro;034. Ibiza;9;343;221;7.837;7
2020;03. Retiro;035. Los Jerónimos;11;94;61;2.262;3
2020;03. Retiro;036. Niño Jesús;11;228;155;5.372;4
2020;04. Salamanca;04. Salamanca;;;;;
2020;04. Salamanca;04. Salamanca;96;2.261;1.452;52.927;54
2020;04. Salamanca;041. Recoletos;18;181;134;5.203;8
2020;04. Salamanca;042. Goya;14;479;246;10.765;9
2020;04. Salamanca;043. Fuente del Berro;9;343;270;7.995;11
2020;04. Salamanca;044. Guindalera;14;760;459;15.788;18
2020;04. Salamanca;045. Lista;7;307;184;7.450;5
2020;04. Salamanca;046. Castellana;34;191;159;5.726;3
2020;05. Chamartín;05. Chamartín;;;;;
2020;05. Chamartín;05. Chamartín;92;2.430;1.633;54.067;48
2020;05. Chamartín;051. El Viso;31;190;219;6.405;12
2020;05. Chamartín;052. Prosperidad;11;672;405;13.808;11
2020;05. Chamartín;053. Ciudad Jardín;7;350;215;7.063;7
2020;05. Chamartín;054. Hispanoamérica;15;535;347;11.336;6
2020;05. Chamartín;055. Nueva España;24;390;292;9.210;5
2020;05. Chamartín;056. Castilla;4;293;155;6.245;7
2020;06. Tetuán;06. Tetuán;;;;;
2020;06. Tetuán;06. Tetuán;42;2.407;2.487;61.313;80
2020;06. Tetuán;061. Bellas Vistas;7;375;451;11.264;12
2020;06. Tetuán;062. Cuatro Caminos;10;542;417;13.286;10
2020;06. Tetuán;063. Castillejos;5;320;246;7.823;6
2020;06. Tetuán;064. Almenara;7;363;351;8.307;26
2020;06. Tetuán;065. Valdeacederas;8;424;526;10.629;16
2020;06. Tetuán;066. Berruguete;5;383;496;10.004;10
2020;07. Chamberí;07. Chamberí;;;;;
2020;07. Chamberí;07. Chamberí;73;2.133;1.368;52.515;50
2020;07. Chamberí;071. Gaztambide;11;314;220;8.547;11
2020;07. Chamberí;072. Arapiles;8;406;258;9.344;10
2020;07. Chamberí;073. Trafalgar;8;411;235;9.925;2
2020;07. Chamberí;074. Almagro;26;239;212;7.187;9
2020;07. Chamberí;075. Ríos Rosas;8;448;272;10.513;12
2020;07. Chamberí;076. Vallehermoso;12;315;171;6.999;6
2020;08. Fuencarral-El Pardo;08. Fuencarral-El Pardo;;;;;
2020;08. Fuencarral-El Pardo;08. Fuencarral-El Pardo;71;4.409;3.520;89.803;117
2020;08. Fuencarral-El Pardo;081. El Pardo;2;34;25;1.191;1
2020;08. Fuencarral-El Pardo;082. Fuentelarreina;12;49;29;1.082;2
2020;08. Fuencarral-El Pardo;083. Peñagrande;10;749;620;15.527;20
2020;08. Fuencarral-El Pardo;084. Pilar;3;718;698;16.573;18
2020;08. Fuencarral-El Pardo;085. La Paz;10;526;309;10.854;12
2020;08. Fuencarral-El Pardo;086. Valverde;20;1.255;1.133;24.796;43
2020;08. Fuencarral-El Pardo;087. Mirasierra;7;649;412;12.423;12
2020;08. Fuencarral-El Pardo;088. El Goloso;7;429;294;7.357;9
2020;09. Moncloa-Aravaca;09. Moncloa-Aravaca;;;;;
2020;09. Moncloa-Aravaca;09. Moncloa-Aravaca;67;1.818;1.442;42.729;56
2020;09. Moncloa-Aravaca;091. Casa de Campo;8;187;137;4.788;6
2020;09. Moncloa-Aravaca;092. Argüelles;10;329;201;8.727;10
2020;09. Moncloa-Aravaca;093. Ciudad Universitaria;7;247;184;5.439;2
2020;09. Moncloa-Aravaca;094. Valdezarza;7;471;422;10.486;16
2020;09. Moncloa-Aravaca;095. Valdemarín;5;97;87;2.516;3
2020;09. Moncloa-Aravaca;096. El Plantío;8;43;59;985;1
2020;09. Moncloa-Aravaca;097. Aravaca;22;444;352;9.788;18
2020;10. Latina;10. Latina;;;;;
2020;10. Latina;10. Latina;74;3.561;4.755;81.129;126
2020;10. Latina;101. Los Cármenes;7;274;402;5.972;14
2020;10. Latina;102. Puerta del Ángel;15;576;782;14.931;16
2020;10. Latina;103. Lucero;5;539;814;12.564;30
2020;10. Latina;104. Aluche;23;932;1.272;21.541;24
2020;10. Latina;105. Campamento;8;231;395;6.426;11
2020;10. Latina;106. Cuatro Vientos;1;142;124;2.453;2
2020;10. Latina;107. Águilas;15;867;966;17.242;29
2020;11. Carabanchel;11. Carabanchel;;;;;
2020;11. Carabanchel;11. Carabanchel;79;4.331;6.278;88.787;159
2020;11. Carabanchel;111. Comillas;9;324;424;7.828;14
2020;11. Carabanchel;112. Opañel;14;568;697;11.732;20
2020;11. Carabanchel;113. San Isidro;12;620;973;13.449;26
2020;11. Carabanchel;114. Vista Alegre;8;669;1.194;15.474;25
2020;11. Carabanchel;115. Puerta Bonita;18;583;970;11.600;20
2020;11. Carabanchel;116. Buenavista;12;1.057;1.207;18.149;37
2020;11. Carabanchel;117. Abrantes;6;510;813;10.555;17
2020;12. Usera;12. Usera;;;;;
2020;12. Usera;12. Usera;35;2.490;3.695;46.516;116
2020;12. Usera;121. Orcasitas;2;512;606;7.660;25
2020;12. Usera;122. Orcasur;3;266;367;4.430;13
2020;12. Usera;123. San Fermín;9;424;532;8.062;16
2020;12. Usera;124. Almendrales;4;363;572;7.390;15
2020;12. Usera;125. Moscardó;9;384;706;8.969;16
2020;12. Usera;126. Zofío;3;229;436;4.682;9
2020;12. Usera;127. Pradolongo;5;312;476;5.323;22
2020;13. Puente de Vallecas;13. Puente de Vallecas;;;;;
2020;13. Puente de Vallecas;13. Puente de Vallecas;56;4.199;6.257;81.302;189
2020;13. Puente de Vallecas;131. Entrevías;9;614;1.054;10.772;37
2020;13. Puente de Vallecas;132. San Diego;12;553;1.254;14.760;24
2020;13. Puente de Vallecas;133. Palomeras Bajas;13;818;957;14.888;36
2020;13. Puente de Vallecas;134. Palomeras Sureste;9;950;1.070;15.265;36
2020;13. Puente de Vallecas;135. Portazgo;4;484;721;9.185;22
2020;13. Puente de Vallecas;136. Numancia;9;780;1.201;16.432;34
2020;14. Moratalaz;14. Moratalaz;;;;;
2020;14. Moratalaz;14. Moratalaz;20;1.547;1.512;32.219;55
2020;14. Moratalaz;141. Pavones;4;156;130;2.903;7
2020;14. Moratalaz;142. Horcajo;1;143;97;2.568;4
2020;14. Moratalaz;143. Marroquina;6;480;369;9.413;14
2020;14. Moratalaz;144. Media Legua;2;271;280;5.695;11
2020;14. Moratalaz;145. Fontarrón;6;254;354;5.889;13
2020;14. Moratalaz;146. Vinateros;1;243;282;5.751;6
2020;15. Ciudad Lineal;15. Ciudad Lineal;;;;;
2020;15. Ciudad Lineal;15. Ciudad Lineal;55;3.727;3.581;78.524;108
2020;15. Ciudad Lineal;151. Ventas;10;720;923;17.685;35
2020;15. Ciudad Lineal;152. Pueblo Nuevo;8;1.120;1.271;22.781;31
2020;15. Ciudad Lineal;153. Quintana;7;403;390;9.307;10
2020;15. Ciudad Lineal;154. Concepción;4;347;296;7.540;6
2020;15. Ciudad Lineal;155. San Pascual;7;292;249;6.261;11
2020;15. Ciudad Lineal;156. San Juan Bautista;6;256;132;4.517;4
2020;15. Ciudad Lineal;157. Colina;1;118;90;2.335;2
2020;15. Ciudad Lineal;158. Atalaya;0;23;18;516;0
2020;15. Ciudad Lineal;159. Costillares;12;448;212;7.582;9
2020;16. Hortaleza;16. Hortaleza;;;;;
2020;16. Hortaleza;16. Hortaleza;54;3.963;2.977;70.462;76
2020;16. Hortaleza;161. Palomas;5;158;88;2.330;5
2020;16. Hortaleza;162. Piovera;2;315;225;5.388;5
2020;16. Hortaleza;163. Canillas;16;766;549;13.898;19
2020;16. Hortaleza;164. Pinar del Rey;11;915;842;18.379;18
2020;16. Hortaleza;165. Apóstol Santiago;7;256;261;5.393;6
2020;16. Hortaleza;166. Valdefuentes;13;1.553;1.012;25.074;23
2020;17. Villaverde;17. Villaverde;;;;;
2020;17. Villaverde;17. Villaverde;36;3.129;4.160;50.688;119
2020;17. Villaverde;171. Villaverde Alto, Casco Histórico de Villaverde;8;1.041;1.355;14.882;32
2020;17. Villaverde;172. San Cristóbal;1;206;524;4.583;19
2020;17. Villaverde;173. Butarque;6;519;547;7.721;19
2020;17. Villaverde;174. Los Rosales;13;768;1.016;13.326;24
2020;17. Villaverde;175. Ángeles;8;595;718;10.176;25
2020;18. Villa de Vallecas;18. Villa de Vallecas;;;;;
2020;18. Villa de Vallecas;18. Villa de Vallecas;42;2.933;2.754;44.123;78
2020;18. Villa de Vallecas;181. Casco Histórico de Vallecas;18;924;1.106;13.302;33
2020;18. Villa de Vallecas;182. Santa Eugenia;8;536;521;8.861;10
2020;18. Villa de Vallecas;183. Ensanche de Vallecas;16;1.473;1.127;21.960;35
2020;19. Vicálvaro;19. Vicálvaro;;;;;
2020;19. Vicálvaro;19. Vicálvaro;22;1.755;1.706;27.150;43
2020;19. Vicálvaro;191. Casco Histórico de Vicálvaro;12;749;1.021;11.843;27
2020;19. Vicálvaro;192. Valdebernardo;3;396;271;6.861;11
2020;19. Vicálvaro;193. Valderribas;7;554;363;7.679;5
2020;19. Vicálvaro;194. El Cañaveral;0;56;51;767;0
2020;20. San Blas-Canillejas;20. San Blas-Canillejas;;;;;
2020;20. San Blas-Canillejas;20. San Blas-Canillejas;35;3.715;3.018;58.673;99
2020;20. San Blas-Canillejas;201. Simancas;7;595;555;10.633;23
2020;20. San Blas-Canillejas;202. Hellín;1;188;178;3.107;4
2020;20. San Blas-Canillejas;203. Amposta;0;145;219;2.836;2
2020;20. San Blas-Canillejas;204. Arcos;12;550;490;8.784;23
2020;20. San Blas-Canillejas;205. Rosas;4;863;507;12.515;17
2020;20. San Blas-Canillejas;206. Rejas;2;477;295;6.868;4
2020;20. San Blas-Canillejas;207. Canillejas;6;648;616;9.801;21
2020;20. San Blas-Canillejas;208. El Salvador;3;249;158;4.129;5
2020;21. Barajas;21. Barajas;;;;;
2020;21. Barajas;21. Barajas;14;1.115;689;18.556;21
2020;21. Barajas;211. Alameda de Osuna;4;411;186;6.664;6
2020;21. Barajas;212. Aeropuerto;0;30;38;611;2
2020;21. Barajas;213. Casco Histórico de Barajas;1;136;136;2.929;5
2020;21. Barajas;214. Timón;7;335;203;5.349;4
2020;21. Barajas;215. Corralejos;2;203;126;3.003;4